{"00:0e:8e:30:9e:94": {"rx": 79, "t": 1481652048.761116, "N": 100}, "00:0e:8e:30:9e:90": {"rx": 82, "t": 1481651895.79096, "N": 100}, "00:0e:8e:30:9e:ea": {"rx": 80, "t": 1481652009.028818, "N": 100}, "00:0e:8e:30:9d:39": {"rx": 85, "t": 1481651969.348208, "N": 100}, "00:0e:8e:30:9d:2d": {"rx": 1, "t": 1481651805.189573, "N": 100}, "00:0e:8e:30:9e:d8": {"rx": 75, "t": 1481652020.580145, "N": 100}, "00:0e:8e:30:8c:c2": {"rx": 79, "t": 1481651924.102915, "N": 100}, "00:0e:8e:30:9e:64": {"rx": 80, "t": 1481651901.487259, "N": 100}, "00:0e:8e:30:9e:00": {"rx": 80, "t": 1481651890.19513, "N": 100}, "00:0e:8e:30:9e:67": {"rx": 84, "t": 1481651844.955081, "N": 100}, "00:0e:8e:30:9e:68": {"rx": 79, "t": 1481651884.634497, "N": 100}, "00:0e:8e:30:9c:eb": {"rx": 50, "t": 1481652031.838158, "N": 100}, "00:0e:8e:30:9c:b0": {"rx": 80, "t": 1481651992.027712, "N": 100}, "00:0e:8e:30:9d:ca": {"rx": 83, "t": 1481651856.115145, "N": 100}, "00:0e:8e:30:9d:ed": {"rx": 75, "t": 1481652026.112961, "N": 100}, "00:0e:8e:30:9d:ee": {"rx": 83, "t": 1481651952.335198, "N": 100}, "00:0e:8e:30:9c:f2": {"rx": 81, "t": 1481651873.027399, "N": 100}, "00:0e:8e:30:9c:f0": {"rx": 81, "t": 1481651997.723888, "N": 100}, "00:0e:8e:30:9c:d8": {"rx": 79, "t": 1481651963.631883, "N": 100}, "00:0e:8e:30:9c:f9": {"rx": 14, "t": 1481651822.05744, "N": 100}, "00:0e:8e:30:9e:ae": {"rx": 79, "t": 1481652043.156339, "N": 100}, "00:0e:8e:30:9d:3b": {"rx": 75, "t": 1481651918.267797, "N": 100}, "00:0e:8e:30:9d:3c": {"rx": 77, "t": 1481651935.399532, "N": 100}, "00:0e:8e:30:9e:d3": {"rx": 35, "t": 1481652037.430165, "N": 100}, "00:0e:8e:30:9e:d0": {"rx": 52, "t": 1481651861.686947, "N": 100}, "00:0e:8e:30:9e:5b": {"rx": 82, "t": 1481651986.432499, "N": 100}, "00:0e:8e:30:9e:ce": {"rx": 80, "t": 1481651940.999913, "N": 100}, "00:0e:8e:30:9d:bb": {"rx": 79, "t": 1481651975.151877, "N": 100}, "00:0e:8e:30:9e:f0": {"rx": 66, "t": 1481651850.422951, "N": 100}, "00:0e:8e:30:9d:21": {"rx": 84, "t": 1481652014.864209, "N": 100}, "00:0e:8e:30:9e:b4": {"rx": 77, "t": 1481651912.463114, "N": 100}, "00:0e:8e:30:91:7b": {"rx": 82, "t": 1481651980.735691, "N": 100}, "00:0e:8e:30:9c:c0": {"rx": 76, "t": 1481651958.151608, "N": 100}, "00:0e:8e:30:9c:db": {"rx": 82, "t": 1481651878.591358, "N": 100}, "00:0e:8e:30:9d:e9": {"rx": 6, "t": 1481652054.077566, "N": 100}, "00:0e:8e:30:91:08": {"rx": 82, "t": 1481651929.663349, "N": 100}, "00:0e:8e:30:9c:ba": {"rx": 13, "t": 1481651867.541424, "N": 100}, "00:0e:8e:30:8f:77": {"rx": 79, "t": 1481651907.091536, "N": 100}, "00:0e:8e:30:9c:ea": {"rx": 80, "t": 1481652003.312205, "N": 100}}
