{"00:0e:8e:30:9e:94": {"rx": 84, "t": 1481652048.86337, "N": 100}, "00:0e:8e:30:9d:bb": {"rx": 82, "t": 1481651975.118385, "N": 100}, "00:0e:8e:30:9e:dc": {"rx": 79, "t": 1481651946.794808, "N": 100}, "00:0e:8e:30:9d:39": {"rx": 80, "t": 1481651969.30263, "N": 100}, "00:0e:8e:30:9e:64": {"rx": 1, "t": 1481651900.14115, "N": 100}, "00:0e:8e:30:9c:eb": {"rx": 78, "t": 1481652031.927664, "N": 100}, "00:0e:8e:30:9c:b0": {"rx": 80, "t": 1481651991.975167, "N": 100}, "00:0e:8e:30:9d:ed": {"rx": 81, "t": 1481652026.131145, "N": 100}, "00:0e:8e:30:9d:ee": {"rx": 84, "t": 1481651952.334206, "N": 100}, "00:0e:8e:30:9c:d8": {"rx": 80, "t": 1481651963.622628, "N": 100}, "00:0e:8e:30:9c:f0": {"rx": 84, "t": 1481651997.694922, "N": 100}, "00:0e:8e:30:9e:ae": {"rx": 83, "t": 1481652043.196278, "N": 100}, "00:0e:8e:30:9e:d8": {"rx": 77, "t": 1481652020.558951, "N": 100}, "00:0e:8e:30:9e:d3": {"rx": 81, "t": 1481652037.470959, "N": 100}, "00:0e:8e:30:9e:5b": {"rx": 82, "t": 1481651986.386736, "N": 100}, "00:0e:8e:30:9e:ce": {"rx": 79, "t": 1481651940.966238, "N": 100}, "00:0e:8e:30:9d:21": {"rx": 83, "t": 1481652014.854914, "N": 100}, "00:0e:8e:30:91:7b": {"rx": 79, "t": 1481651980.694315, "N": 100}, "00:0e:8e:30:9c:c0": {"rx": 35, "t": 1481651958.05861, "N": 100}, "00:0e:8e:30:9d:e9": {"rx": 77, "t": 1481652054.543589, "N": 100}, "00:0e:8e:30:91:08": {"rx": 83, "t": 1481651929.610467, "N": 100}, "00:0e:8e:30:8f:77": {"rx": 39, "t": 1481651906.929467, "N": 100}, "00:0e:8e:30:9c:ea": {"rx": 80, "t": 1481652003.271064, "N": 100}}
