{"00:0e:8e:30:9e:90": {"rx": 80, "t": 1481651895.790295, "N": 100}, "00:0e:8e:30:9e:dc": {"rx": 73, "t": 1481651946.868054, "N": 100}, "00:0e:8e:30:9e:53": {"rx": 79, "t": 1481651810.806411, "N": 100}, "00:0e:8e:30:9d:2d": {"rx": 79, "t": 1481651805.230497, "N": 100}, "00:0e:8e:30:9e:55": {"rx": 81, "t": 1481651833.462335, "N": 100}, "00:0e:8e:30:9e:60": {"rx": 79, "t": 1481651816.646883, "N": 100}, "00:0e:8e:30:9e:64": {"rx": 80, "t": 1481651901.498475, "N": 100}, "00:0e:8e:30:9e:00": {"rx": 82, "t": 1481651890.238426, "N": 100}, "00:0e:8e:30:9e:67": {"rx": 85, "t": 1481651844.93423, "N": 100}, "00:0e:8e:30:9e:68": {"rx": 82, "t": 1481651884.634546, "N": 100}, "00:0e:8e:30:9c:b3": {"rx": 79, "t": 1481651793.949698, "N": 100}, "00:0e:8e:30:9c:f7": {"rx": 81, "t": 1481651827.919025, "N": 100}, "00:0e:8e:30:9d:ee": {"rx": 31, "t": 1481651952.316949, "N": 100}, "00:0e:8e:30:9c:f2": {"rx": 80, "t": 1481651873.014303, "N": 100}, "00:0e:8e:30:9c:f0": {"rx": 8, "t": 1481651997.592502, "N": 100}, "00:0e:8e:30:9c:af": {"rx": 80, "t": 1481651839.13451, "N": 100}, "00:0e:8e:30:9c:f9": {"rx": 78, "t": 1481651822.102331, "N": 100}, "00:0e:8e:30:9d:3b": {"rx": 78, "t": 1481651918.223425, "N": 100}, "00:0e:8e:30:9d:3c": {"rx": 78, "t": 1481651935.354858, "N": 100}, "00:0e:8e:30:9e:d0": {"rx": 83, "t": 1481651861.826011, "N": 100}, "00:0e:8e:30:9e:5b": {"rx": 14, "t": 1481651986.212783, "N": 100}, "00:0e:8e:30:9e:f0": {"rx": 80, "t": 1481651850.382275, "N": 100}, "00:0e:8e:30:9e:b4": {"rx": 82, "t": 1481651912.515655, "N": 100}, "00:0e:8e:30:91:7b": {"rx": 39, "t": 1481651980.765309, "N": 100}, "00:0e:8e:30:9c:dd": {"rx": 79, "t": 1481651799.653924, "N": 100}, "00:0e:8e:30:9c:c0": {"rx": 43, "t": 1481651958.001761, "N": 100}, "00:0e:8e:30:9c:db": {"rx": 84, "t": 1481651878.586706, "N": 100}, "00:0e:8e:30:91:08": {"rx": 80, "t": 1481651929.666857, "N": 100}, "00:0e:8e:30:9c:d8": {"rx": 73, "t": 1481651963.695549, "N": 100}, "00:0e:8e:30:9c:ba": {"rx": 75, "t": 1481651867.546524, "N": 100}, "00:0e:8e:30:8f:77": {"rx": 79, "t": 1481651907.083514, "N": 100}}
