{"00:0e:8e:30:9d:3b": {"rx": 25, "t": 1481651918.259496, "N": 100}, "00:0e:8e:30:9d:3c": {"rx": 80, "t": 1481651935.364209, "N": 100}, "00:0e:8e:30:9e:00": {"rx": 22, "t": 1481651890.119148, "N": 100}, "00:0e:8e:30:9e:68": {"rx": 11, "t": 1481651884.550757, "N": 100}, "00:0e:8e:30:91:08": {"rx": 40, "t": 1481651929.635208, "N": 100}, "00:0e:8e:30:9c:ba": {"rx": 1, "t": 1481651866.171017, "N": 100}, "00:0e:8e:30:8f:77": {"rx": 80, "t": 1481651907.056019, "N": 100}}
