{"00:0e:8e:30:9e:90": {"rx": 79, "t": 1481651895.690713, "N": 100}, "00:0e:8e:30:9d:39": {"rx": 22, "t": 1481651969.30207, "N": 100}, "00:0e:8e:30:9e:dc": {"rx": 80, "t": 1481651946.796086, "N": 100}, "00:0e:8e:30:9e:53": {"rx": 79, "t": 1481651810.818227, "N": 100}, "00:0e:8e:30:9d:2d": {"rx": 80, "t": 1481651805.238209, "N": 100}, "00:0e:8e:30:9e:55": {"rx": 82, "t": 1481651833.442821, "N": 100}, "00:0e:8e:30:9e:60": {"rx": 79, "t": 1481651816.634808, "N": 100}, "00:0e:8e:30:8c:c2": {"rx": 21, "t": 1481651924.092948, "N": 100}, "00:0e:8e:30:9e:64": {"rx": 79, "t": 1481651901.39225, "N": 100}, "00:0e:8e:30:9e:00": {"rx": 80, "t": 1481651890.235527, "N": 100}, "00:0e:8e:30:9e:67": {"rx": 85, "t": 1481651844.954599, "N": 100}, "00:0e:8e:30:9e:68": {"rx": 79, "t": 1481651884.670191, "N": 100}, "00:0e:8e:30:9c:b3": {"rx": 81, "t": 1481651793.946098, "N": 100}, "00:0e:8e:30:9d:ca": {"rx": 83, "t": 1481651856.11896, "N": 100}, "00:0e:8e:30:9d:ee": {"rx": 81, "t": 1481651952.3321, "N": 100}, "00:0e:8e:30:9c:f2": {"rx": 78, "t": 1481651873.010537, "N": 100}, "00:0e:8e:30:9c:f0": {"rx": 15, "t": 1481651997.545613, "N": 100}, "00:0e:8e:30:9c:af": {"rx": 79, "t": 1481651839.134879, "N": 100}, "00:0e:8e:30:9c:f9": {"rx": 80, "t": 1481651822.071128, "N": 100}, "00:0e:8e:30:9d:3b": {"rx": 80, "t": 1481651918.251552, "N": 100}, "00:0e:8e:30:9d:3c": {"rx": 80, "t": 1481651935.371166, "N": 100}, "00:0e:8e:30:9e:d0": {"rx": 84, "t": 1481651861.818835, "N": 100}, "00:0e:8e:30:9e:5b": {"rx": 1, "t": 1481651985.437005, "N": 100}, "00:0e:8e:30:9e:ce": {"rx": 41, "t": 1481651940.954146, "N": 100}, "00:0e:8e:30:9d:bb": {"rx": 78, "t": 1481651975.11902, "N": 100}, "00:0e:8e:30:9e:f0": {"rx": 80, "t": 1481651850.438338, "N": 100}, "00:0e:8e:30:9e:b4": {"rx": 79, "t": 1481651912.439456, "N": 100}, "00:0e:8e:30:91:7b": {"rx": 77, "t": 1481651980.727573, "N": 100}, "00:0e:8e:30:9c:dd": {"rx": 79, "t": 1481651799.658204, "N": 100}, "00:0e:8e:30:9c:c0": {"rx": 6, "t": 1481651957.532723, "N": 100}, "00:0e:8e:30:91:08": {"rx": 81, "t": 1481651929.663143, "N": 100}, "00:0e:8e:30:9c:d8": {"rx": 78, "t": 1481651963.623069, "N": 100}, "00:0e:8e:30:9c:f7": {"rx": 78, "t": 1481651827.986067, "N": 100}, "00:0e:8e:30:9c:ba": {"rx": 77, "t": 1481651867.554348, "N": 100}, "00:0e:8e:30:8f:77": {"rx": 81, "t": 1481651907.111596, "N": 100}}
