{"00:0e:8e:30:9e:94": {"rx": 81, "t": 1481652048.826774, "N": 100}, "00:0e:8e:30:9e:90": {"rx": 14, "t": 1481651895.716966, "N": 100}, "00:0e:8e:30:9e:dc": {"rx": 83, "t": 1481651946.890201, "N": 100}, "00:0e:8e:30:9d:39": {"rx": 78, "t": 1481651969.293578, "N": 100}, "00:0e:8e:30:9e:d8": {"rx": 79, "t": 1481652020.522467, "N": 100}, "00:0e:8e:30:8c:c2": {"rx": 24, "t": 1481651924.136229, "N": 100}, "00:0e:8e:30:9e:64": {"rx": 79, "t": 1481651901.419138, "N": 100}, "00:0e:8e:30:9e:68": {"rx": 77, "t": 1481651884.660947, "N": 100}, "00:0e:8e:30:9c:eb": {"rx": 82, "t": 1481652031.82655, "N": 100}, "00:0e:8e:30:9c:b0": {"rx": 79, "t": 1481651991.990892, "N": 100}, "00:0e:8e:30:9d:ca": {"rx": 64, "t": 1481651856.113229, "N": 100}, "00:0e:8e:30:9d:ed": {"rx": 75, "t": 1481652026.111049, "N": 100}, "00:0e:8e:30:9d:ee": {"rx": 80, "t": 1481651952.217879, "N": 100}, "00:0e:8e:30:9c:d8": {"rx": 79, "t": 1481651963.71402, "N": 100}, "00:0e:8e:30:9c:f2": {"rx": 24, "t": 1481651873.024433, "N": 100}, "00:0e:8e:30:9e:ae": {"rx": 81, "t": 1481652043.234717, "N": 100}, "00:0e:8e:30:9d:3b": {"rx": 81, "t": 1481651918.270107, "N": 100}, "00:0e:8e:30:9d:3c": {"rx": 81, "t": 1481651935.378229, "N": 100}, "00:0e:8e:30:9e:d3": {"rx": 81, "t": 1481652037.41027, "N": 100}, "00:0e:8e:30:9e:5b": {"rx": 81, "t": 1481651986.426954, "N": 100}, "00:0e:8e:30:9e:ce": {"rx": 83, "t": 1481651940.957845, "N": 100}, "00:0e:8e:30:9d:bb": {"rx": 81, "t": 1481651975.13407, "N": 100}, "00:0e:8e:30:9e:f0": {"rx": 13, "t": 1481651850.428013, "N": 100}, "00:0e:8e:30:9d:21": {"rx": 83, "t": 1481652014.842574, "N": 100}, "00:0e:8e:30:9e:ea": {"rx": 80, "t": 1481652009.042465, "N": 100}, "00:0e:8e:30:91:7b": {"rx": 80, "t": 1481651980.730505, "N": 100}, "00:0e:8e:30:9c:c0": {"rx": 81, "t": 1481651958.149952, "N": 100}, "00:0e:8e:30:9d:e9": {"rx": 77, "t": 1481652054.523716, "N": 100}, "00:0e:8e:30:91:08": {"rx": 81, "t": 1481651929.678487, "N": 100}, "00:0e:8e:30:8f:77": {"rx": 80, "t": 1481651907.114242, "N": 100}, "00:0e:8e:30:9c:ea": {"rx": 81, "t": 1481652003.314331, "N": 100}}
