{"00:0e:8e:30:9e:94": {"rx": 1, "t": 1481652047.17135, "N": 100}, "00:0e:8e:30:9d:bb": {"rx": 82, "t": 1481651975.109404, "N": 100}, "00:0e:8e:30:9e:dc": {"rx": 82, "t": 1481651946.832959, "N": 100}, "00:0e:8e:30:9d:39": {"rx": 79, "t": 1481651969.265089, "N": 100}, "00:0e:8e:30:9c:eb": {"rx": 79, "t": 1481652031.885199, "N": 100}, "00:0e:8e:30:9c:ea": {"rx": 79, "t": 1481652003.30897, "N": 100}, "00:0e:8e:30:9d:ed": {"rx": 81, "t": 1481652026.185222, "N": 100}, "00:0e:8e:30:9d:ee": {"rx": 62, "t": 1481651952.21583, "N": 100}, "00:0e:8e:30:9c:d8": {"rx": 75, "t": 1481651963.692362, "N": 100}, "00:0e:8e:30:9c:f0": {"rx": 80, "t": 1481651997.625018, "N": 100}, "00:0e:8e:30:9e:ae": {"rx": 5, "t": 1481652042.687394, "N": 100}, "00:0e:8e:30:9e:d8": {"rx": 80, "t": 1481652020.501257, "N": 100}, "00:0e:8e:30:9d:3c": {"rx": 79, "t": 1481651935.404277, "N": 100}, "00:0e:8e:30:9e:d3": {"rx": 80, "t": 1481652037.453437, "N": 100}, "00:0e:8e:30:9e:5b": {"rx": 84, "t": 1481651986.413309, "N": 100}, "00:0e:8e:30:9e:ce": {"rx": 56, "t": 1481651940.991765, "N": 100}, "00:0e:8e:30:9d:21": {"rx": 40, "t": 1481652014.708861, "N": 100}, "00:0e:8e:30:9e:ea": {"rx": 80, "t": 1481652009.013276, "N": 100}, "00:0e:8e:30:91:7b": {"rx": 80, "t": 1481651980.68837, "N": 100}, "00:0e:8e:30:9c:c0": {"rx": 81, "t": 1481651958.13255, "N": 100}, "00:0e:8e:30:9d:e9": {"rx": 39, "t": 1481652054.459985, "N": 100}, "00:0e:8e:30:91:08": {"rx": 15, "t": 1481651929.563459, "N": 100}, "00:0e:8e:30:8f:77": {"rx": 20, "t": 1481651907.023807, "N": 100}}
