{"00:0e:8e:30:9e:ae": {"rx": 84, "t": 1481652043.185236, "N": 100}, "00:0e:8e:30:9e:d8": {"rx": 79, "t": 1481652020.576762, "N": 100}, "00:0e:8e:30:9d:ed": {"rx": 78, "t": 1481652026.105257, "N": 100}, "00:0e:8e:30:9e:94": {"rx": 84, "t": 1481652048.810178, "N": 100}, "00:0e:8e:30:9c:c0": {"rx": 5, "t": 1481651957.586383, "N": 100}, "00:0e:8e:30:9c:b0": {"rx": 77, "t": 1481651992.041111, "N": 100}, "00:0e:8e:30:9e:5b": {"rx": 81, "t": 1481651986.440208, "N": 100}, "00:0e:8e:30:9d:bb": {"rx": 82, "t": 1481651975.152247, "N": 100}, "00:0e:8e:30:9e:ce": {"rx": 81, "t": 1481651940.983509, "N": 100}, "00:0e:8e:30:9e:d3": {"rx": 82, "t": 1481652037.464468, "N": 100}, "00:0e:8e:30:91:08": {"rx": 81, "t": 1481651929.65593, "N": 100}, "00:0e:8e:30:9d:ee": {"rx": 82, "t": 1481651952.24836, "N": 100}, "00:0e:8e:30:9c:d8": {"rx": 70, "t": 1481651963.660185, "N": 100}, "00:0e:8e:30:9d:21": {"rx": 81, "t": 1481652014.864448, "N": 100}, "00:0e:8e:30:9c:f0": {"rx": 84, "t": 1481651997.660511, "N": 100}, "00:0e:8e:30:9d:39": {"rx": 79, "t": 1481651969.384031, "N": 100}, "00:0e:8e:30:9e:ea": {"rx": 83, "t": 1481652009.024675, "N": 100}, "00:0e:8e:30:9e:dc": {"rx": 16, "t": 1481651946.830596, "N": 100}, "00:0e:8e:30:91:7b": {"rx": 78, "t": 1481651980.659752, "N": 100}, "00:0e:8e:30:9c:eb": {"rx": 78, "t": 1481652031.828263, "N": 100}}
