{"00:0e:8e:30:9e:53": {"rx": 81, "t": 1481651810.814154, "N": 100}, "00:0e:8e:30:9d:2d": {"rx": 79, "t": 1481651805.246131, "N": 100}, "00:0e:8e:30:9e:55": {"rx": 76, "t": 1481651833.358077, "N": 100}, "00:0e:8e:30:9e:60": {"rx": 82, "t": 1481651816.610109, "N": 100}, "00:0e:8e:30:9e:64": {"rx": 79, "t": 1481651901.391431, "N": 100}, "00:0e:8e:30:9e:00": {"rx": 79, "t": 1481651890.146592, "N": 100}, "00:0e:8e:30:9e:67": {"rx": 84, "t": 1481651844.998206, "N": 100}, "00:0e:8e:30:9e:68": {"rx": 77, "t": 1481651884.574706, "N": 100}, "00:0e:8e:30:9c:b3": {"rx": 84, "t": 1481651793.893541, "N": 100}, "00:0e:8e:30:9d:ca": {"rx": 82, "t": 1481651856.126673, "N": 100}, "00:0e:8e:30:9c:f2": {"rx": 77, "t": 1481651872.938022, "N": 100}, "00:0e:8e:30:9c:af": {"rx": 78, "t": 1481651839.194037, "N": 100}, "00:0e:8e:30:9c:f9": {"rx": 78, "t": 1481651822.070532, "N": 100}, "00:0e:8e:30:9d:3b": {"rx": 80, "t": 1481651918.350647, "N": 100}, "00:0e:8e:30:9d:3c": {"rx": 42, "t": 1481651935.377692, "N": 100}, "00:0e:8e:30:9e:d0": {"rx": 83, "t": 1481651861.818557, "N": 100}, "00:0e:8e:30:9e:f0": {"rx": 88, "t": 1481651850.42659, "N": 100}, "00:0e:8e:30:9e:b4": {"rx": 21, "t": 1481651912.276469, "N": 100}, "00:0e:8e:30:9c:dd": {"rx": 78, "t": 1481651799.713601, "N": 100}, "00:0e:8e:30:9c:db": {"rx": 81, "t": 1481651878.638349, "N": 100}, "00:0e:8e:30:91:08": {"rx": 65, "t": 1481651929.591565, "N": 100}, "00:0e:8e:30:9c:d8": {"rx": 7, "t": 1481651963.564332, "N": 100}, "00:0e:8e:30:9c:ba": {"rx": 80, "t": 1481651867.486362, "N": 100}, "00:0e:8e:30:8f:77": {"rx": 80, "t": 1481651907.07487, "N": 100}}
