{"00:0e:8e:30:9e:94": {"rx": 3, "t": 1481652048.036476, "N": 100}, "00:0e:8e:30:9e:90": {"rx": 84, "t": 1481651895.786697, "N": 100}, "00:0e:8e:30:9e:ea": {"rx": 58, "t": 1481652009.075566, "N": 100}, "00:0e:8e:30:9e:d8": {"rx": 11, "t": 1481652020.497076, "N": 100}, "00:0e:8e:30:9d:39": {"rx": 63, "t": 1481651969.384412, "N": 100}, "00:0e:8e:30:9e:dc": {"rx": 80, "t": 1481651946.818911, "N": 100}, "00:0e:8e:30:9e:53": {"rx": 74, "t": 1481651810.802167, "N": 100}, "00:0e:8e:30:9d:2d": {"rx": 72, "t": 1481651805.20997, "N": 100}, "00:0e:8e:30:9e:55": {"rx": 79, "t": 1481651833.410868, "N": 100}, "00:0e:8e:30:9e:60": {"rx": 78, "t": 1481651816.634365, "N": 100}, "00:0e:8e:30:8c:c2": {"rx": 79, "t": 1481651924.10257, "N": 100}, "00:0e:8e:30:9e:00": {"rx": 78, "t": 1481651890.211235, "N": 100}, "00:0e:8e:30:9e:67": {"rx": 81, "t": 1481651844.954537, "N": 100}, "00:0e:8e:30:9e:68": {"rx": 80, "t": 1481651884.626627, "N": 100}, "00:0e:8e:30:9c:b3": {"rx": 23, "t": 1481651793.905743, "N": 100}, "00:0e:8e:30:9c:b0": {"rx": 7, "t": 1481651991.872838, "N": 100}, "00:0e:8e:30:9d:ca": {"rx": 80, "t": 1481651856.147033, "N": 100}, "00:0e:8e:30:9d:ed": {"rx": 6, "t": 1481652025.965328, "N": 100}, "00:0e:8e:30:9d:ee": {"rx": 79, "t": 1481651952.316228, "N": 100}, "00:0e:8e:30:9c:f2": {"rx": 81, "t": 1481651872.990634, "N": 100}, "00:0e:8e:30:9c:f0": {"rx": 78, "t": 1481651997.703604, "N": 100}, "00:0e:8e:30:9c:af": {"rx": 81, "t": 1481651839.138806, "N": 100}, "00:0e:8e:30:9c:f9": {"rx": 79, "t": 1481651822.115536, "N": 100}, "00:0e:8e:30:9e:ae": {"rx": 16, "t": 1481652043.037085, "N": 100}, "00:0e:8e:30:9d:3b": {"rx": 80, "t": 1481651918.262637, "N": 100}, "00:0e:8e:30:9d:3c": {"rx": 77, "t": 1481651935.387638, "N": 100}, "00:0e:8e:30:9e:d0": {"rx": 80, "t": 1481651861.846695, "N": 100}, "00:0e:8e:30:9e:5b": {"rx": 52, "t": 1481651986.404103, "N": 100}, "00:0e:8e:30:9e:ce": {"rx": 83, "t": 1481651940.95521, "N": 100}, "00:0e:8e:30:9d:bb": {"rx": 77, "t": 1481651975.103485, "N": 100}, "00:0e:8e:30:9e:f0": {"rx": 80, "t": 1481651850.414407, "N": 100}, "00:0e:8e:30:9d:21": {"rx": 23, "t": 1481652014.918299, "N": 100}, "00:0e:8e:30:9e:b4": {"rx": 82, "t": 1481651912.435835, "N": 100}, "00:0e:8e:30:91:7b": {"rx": 78, "t": 1481651980.679615, "N": 100}, "00:0e:8e:30:9c:dd": {"rx": 81, "t": 1481651799.741776, "N": 100}, "00:0e:8e:30:9c:c0": {"rx": 77, "t": 1481651958.147148, "N": 100}, "00:0e:8e:30:9c:db": {"rx": 84, "t": 1481651878.679396, "N": 100}, "00:0e:8e:30:91:08": {"rx": 81, "t": 1481651929.679709, "N": 100}, "00:0e:8e:30:9c:d8": {"rx": 75, "t": 1481651963.667606, "N": 100}, "00:0e:8e:30:9c:f7": {"rx": 75, "t": 1481651827.954075, "N": 100}, "00:0e:8e:30:9c:ba": {"rx": 79, "t": 1481651867.522993, "N": 100}, "00:0e:8e:30:8f:77": {"rx": 80, "t": 1481651907.055055, "N": 100}}
