{"00:0e:8e:30:9e:90": {"rx": 75, "t": 1481651895.775442, "N": 100}, "00:0e:8e:30:9e:53": {"rx": 81, "t": 1481651810.836062, "N": 100}, "00:0e:8e:30:9d:2d": {"rx": 79, "t": 1481651805.22808, "N": 100}, "00:0e:8e:30:9e:55": {"rx": 79, "t": 1481651833.464199, "N": 100}, "00:0e:8e:30:9e:60": {"rx": 82, "t": 1481651816.69614, "N": 100}, "00:0e:8e:30:9e:64": {"rx": 82, "t": 1481651901.441464, "N": 100}, "00:0e:8e:30:9e:00": {"rx": 78, "t": 1481651890.224476, "N": 100}, "00:0e:8e:30:9e:67": {"rx": 83, "t": 1481651844.935883, "N": 100}, "00:0e:8e:30:9e:68": {"rx": 79, "t": 1481651884.631883, "N": 100}, "00:0e:8e:30:9c:b3": {"rx": 85, "t": 1481651793.964058, "N": 100}, "00:0e:8e:30:9d:ca": {"rx": 83, "t": 1481651856.112591, "N": 100}, "00:0e:8e:30:9c:f2": {"rx": 79, "t": 1481651872.97669, "N": 100}, "00:0e:8e:30:9c:d8": {"rx": 5, "t": 1481651962.411043, "N": 100}, "00:0e:8e:30:9c:f9": {"rx": 83, "t": 1481651822.060179, "N": 100}, "00:0e:8e:30:9d:3b": {"rx": 81, "t": 1481651918.265033, "N": 100}, "00:0e:8e:30:9d:3c": {"rx": 81, "t": 1481651935.336242, "N": 100}, "00:0e:8e:30:9e:d0": {"rx": 81, "t": 1481651861.788622, "N": 100}, "00:0e:8e:30:9e:5b": {"rx": 5, "t": 1481651985.462789, "N": 100}, "00:0e:8e:30:9e:f0": {"rx": 81, "t": 1481651850.387791, "N": 100}, "00:0e:8e:30:9e:b4": {"rx": 81, "t": 1481651912.429804, "N": 100}, "00:0e:8e:30:9c:dd": {"rx": 81, "t": 1481651799.651877, "N": 100}, "00:0e:8e:30:9c:c0": {"rx": 2, "t": 1481651957.94331, "N": 100}, "00:0e:8e:30:9c:db": {"rx": 83, "t": 1481651878.588641, "N": 100}, "00:0e:8e:30:91:08": {"rx": 55, "t": 1481651929.635678, "N": 100}, "00:0e:8e:30:9c:f7": {"rx": 76, "t": 1481651827.880594, "N": 100}, "00:0e:8e:30:9c:ba": {"rx": 80, "t": 1481651867.500708, "N": 100}, "00:0e:8e:30:8f:77": {"rx": 81, "t": 1481651907.053504, "N": 100}}
