{"00:0e:8e:30:9e:94": {"rx": 77, "t": 1481652048.837731, "N": 100}, "00:0e:8e:30:9e:90": {"rx": 80, "t": 1481651895.696875, "N": 100}, "00:0e:8e:30:9e:dc": {"rx": 82, "t": 1481651946.825116, "N": 100}, "00:0e:8e:30:9d:39": {"rx": 79, "t": 1481651969.356968, "N": 100}, "00:0e:8e:30:9e:d8": {"rx": 78, "t": 1481652020.565284, "N": 100}, "00:0e:8e:30:8c:c2": {"rx": 56, "t": 1481651924.116055, "N": 100}, "00:0e:8e:30:9e:64": {"rx": 79, "t": 1481651901.393183, "N": 100}, "00:0e:8e:30:9e:67": {"rx": 31, "t": 1481651844.911098, "N": 100}, "00:0e:8e:30:9e:68": {"rx": 73, "t": 1481651884.576566, "N": 100}, "00:0e:8e:30:9c:eb": {"rx": 13, "t": 1481652031.418643, "N": 100}, "00:0e:8e:30:9c:b0": {"rx": 41, "t": 1481651992.028677, "N": 100}, "00:0e:8e:30:9d:ca": {"rx": 66, "t": 1481651856.111893, "N": 100}, "00:0e:8e:30:9d:ed": {"rx": 78, "t": 1481652026.110145, "N": 100}, "00:0e:8e:30:9c:d8": {"rx": 79, "t": 1481651963.592718, "N": 100}, "00:0e:8e:30:9c:f0": {"rx": 79, "t": 1481651997.617201, "N": 100}, "00:0e:8e:30:9c:f2": {"rx": 83, "t": 1481651873.004033, "N": 100}, "00:0e:8e:30:9e:ae": {"rx": 81, "t": 1481652043.152907, "N": 100}, "00:0e:8e:30:9d:3b": {"rx": 83, "t": 1481651918.317048, "N": 100}, "00:0e:8e:30:9d:3c": {"rx": 77, "t": 1481651935.421128, "N": 100}, "00:0e:8e:30:9e:d3": {"rx": 72, "t": 1481652037.485666, "N": 100}, "00:0e:8e:30:9e:5b": {"rx": 81, "t": 1481651986.349178, "N": 100}, "00:0e:8e:30:9e:ce": {"rx": 81, "t": 1481651941.016939, "N": 100}, "00:0e:8e:30:9d:bb": {"rx": 81, "t": 1481651975.152662, "N": 100}, "00:0e:8e:30:9e:f0": {"rx": 28, "t": 1481651850.343808, "N": 100}, "00:0e:8e:30:9d:21": {"rx": 84, "t": 1481652014.877965, "N": 100}, "00:0e:8e:30:9e:ea": {"rx": 81, "t": 1481652009.068506, "N": 100}, "00:0e:8e:30:91:7b": {"rx": 81, "t": 1481651980.684568, "N": 100}, "00:0e:8e:30:9c:c0": {"rx": 77, "t": 1481651958.160869, "N": 100}, "00:0e:8e:30:9c:db": {"rx": 48, "t": 1481651878.575532, "N": 100}, "00:0e:8e:30:9d:e9": {"rx": 73, "t": 1481652054.445417, "N": 100}, "00:0e:8e:30:91:08": {"rx": 81, "t": 1481651929.608427, "N": 100}, "00:0e:8e:30:8f:77": {"rx": 81, "t": 1481651907.080583, "N": 100}, "00:0e:8e:30:9c:ea": {"rx": 77, "t": 1481652003.289254, "N": 100}}
