{"00:0e:8e:30:9e:90": {"rx": 75, "t": 1481651895.679383, "N": 100}, "00:0e:8e:30:9e:dc": {"rx": 16, "t": 1481651946.802204, "N": 100}, "00:0e:8e:30:9e:53": {"rx": 80, "t": 1481651810.8305, "N": 100}, "00:0e:8e:30:9d:2d": {"rx": 78, "t": 1481651805.3226, "N": 100}, "00:0e:8e:30:9e:55": {"rx": 78, "t": 1481651833.37899, "N": 100}, "00:0e:8e:30:9e:60": {"rx": 79, "t": 1481651816.659017, "N": 100}, "00:0e:8e:30:9e:64": {"rx": 81, "t": 1481651901.495455, "N": 100}, "00:0e:8e:30:9e:00": {"rx": 81, "t": 1481651890.167448, "N": 100}, "00:0e:8e:30:9e:67": {"rx": 84, "t": 1481651845.014956, "N": 100}, "00:0e:8e:30:9e:68": {"rx": 75, "t": 1481651884.678855, "N": 100}, "00:0e:8e:30:9c:b3": {"rx": 82, "t": 1481651793.990959, "N": 100}, "00:0e:8e:30:9d:ca": {"rx": 80, "t": 1481651856.167147, "N": 100}, "00:0e:8e:30:9d:ee": {"rx": 3, "t": 1481651952.325684, "N": 100}, "00:0e:8e:30:9c:f2": {"rx": 78, "t": 1481651872.927163, "N": 100}, "00:0e:8e:30:9c:af": {"rx": 83, "t": 1481651839.099301, "N": 100}, "00:0e:8e:30:9c:f9": {"rx": 78, "t": 1481651822.039422, "N": 100}, "00:0e:8e:30:9d:3b": {"rx": 80, "t": 1481651918.27207, "N": 100}, "00:0e:8e:30:9d:3c": {"rx": 76, "t": 1481651935.396319, "N": 100}, "00:0e:8e:30:9e:d0": {"rx": 78, "t": 1481651861.85513, "N": 100}, "00:0e:8e:30:9e:5b": {"rx": 12, "t": 1481651985.813426, "N": 100}, "00:0e:8e:30:9e:f0": {"rx": 82, "t": 1481651850.383313, "N": 100}, "00:0e:8e:30:9e:b4": {"rx": 80, "t": 1481651912.464882, "N": 100}, "00:0e:8e:30:9c:dd": {"rx": 82, "t": 1481651799.651068, "N": 100}, "00:0e:8e:30:9c:c0": {"rx": 77, "t": 1481651958.052573, "N": 100}, "00:0e:8e:30:9c:db": {"rx": 84, "t": 1481651878.591756, "N": 100}, "00:0e:8e:30:91:08": {"rx": 80, "t": 1481651929.692321, "N": 100}, "00:0e:8e:30:9c:d8": {"rx": 15, "t": 1481651963.401336, "N": 100}, "00:0e:8e:30:9c:f7": {"rx": 81, "t": 1481651827.883923, "N": 100}, "00:0e:8e:30:8f:77": {"rx": 83, "t": 1481651907.04763, "N": 100}}
