{"00:0e:8e:30:9e:90": {"rx": 80, "t": 1481651895.737999, "N": 100}, "00:0e:8e:30:9d:39": {"rx": 51, "t": 1481651969.282061, "N": 100}, "00:0e:8e:30:9e:dc": {"rx": 79, "t": 1481651946.790601, "N": 100}, "00:0e:8e:30:9e:53": {"rx": 83, "t": 1481651810.757372, "N": 100}, "00:0e:8e:30:9d:2d": {"rx": 75, "t": 1481651805.313278, "N": 100}, "00:0e:8e:30:9e:55": {"rx": 81, "t": 1481651833.377662, "N": 100}, "00:0e:8e:30:9e:60": {"rx": 84, "t": 1481651816.581561, "N": 100}, "00:0e:8e:30:9e:64": {"rx": 82, "t": 1481651901.434811, "N": 100}, "00:0e:8e:30:9e:67": {"rx": 85, "t": 1481651844.994753, "N": 100}, "00:0e:8e:30:9e:68": {"rx": 84, "t": 1481651884.649319, "N": 100}, "00:0e:8e:30:9c:b3": {"rx": 23, "t": 1481651793.944454, "N": 100}, "00:0e:8e:30:9d:ca": {"rx": 82, "t": 1481651856.157928, "N": 100}, "00:0e:8e:30:9d:ee": {"rx": 2, "t": 1481651952.300127, "N": 100}, "00:0e:8e:30:9c:f2": {"rx": 81, "t": 1481651873.009646, "N": 100}, "00:0e:8e:30:9c:af": {"rx": 83, "t": 1481651839.189924, "N": 100}, "00:0e:8e:30:9c:f9": {"rx": 79, "t": 1481651822.026323, "N": 100}, "00:0e:8e:30:9d:3b": {"rx": 80, "t": 1481651918.342147, "N": 100}, "00:0e:8e:30:9d:3c": {"rx": 79, "t": 1481651935.415263, "N": 100}, "00:0e:8e:30:9e:d0": {"rx": 81, "t": 1481651861.870111, "N": 100}, "00:0e:8e:30:9e:5b": {"rx": 80, "t": 1481651986.439509, "N": 100}, "00:0e:8e:30:9e:ce": {"rx": 77, "t": 1481651940.990569, "N": 100}, "00:0e:8e:30:9d:bb": {"rx": 44, "t": 1481651975.064749, "N": 100}, "00:0e:8e:30:9e:f0": {"rx": 78, "t": 1481651850.466018, "N": 100}, "00:0e:8e:30:9e:b4": {"rx": 80, "t": 1481651912.443021, "N": 100}, "00:0e:8e:30:91:7b": {"rx": 79, "t": 1481651980.646464, "N": 100}, "00:0e:8e:30:9c:dd": {"rx": 82, "t": 1481651799.645235, "N": 100}, "00:0e:8e:30:9c:c0": {"rx": 74, "t": 1481651958.126431, "N": 100}, "00:0e:8e:30:9c:db": {"rx": 84, "t": 1481651878.582147, "N": 100}, "00:0e:8e:30:91:08": {"rx": 79, "t": 1481651929.606729, "N": 100}, "00:0e:8e:30:9c:d8": {"rx": 79, "t": 1481651963.706523, "N": 100}, "00:0e:8e:30:9c:f7": {"rx": 79, "t": 1481651827.933852, "N": 100}, "00:0e:8e:30:9c:ba": {"rx": 79, "t": 1481651867.446044, "N": 100}, "00:0e:8e:30:8f:77": {"rx": 79, "t": 1481651907.01052, "N": 100}}
