{"00:0e:8e:30:9e:94": {"rx": 78, "t": 1481652048.76373, "N": 100}, "00:0e:8e:30:9e:90": {"rx": 56, "t": 1481651895.719979, "N": 100}, "00:0e:8e:30:9e:ea": {"rx": 79, "t": 1481652008.990758, "N": 100}, "00:0e:8e:30:9e:d8": {"rx": 76, "t": 1481652020.510481, "N": 100}, "00:0e:8e:30:9d:39": {"rx": 81, "t": 1481651969.325472, "N": 100}, "00:0e:8e:30:9e:dc": {"rx": 85, "t": 1481651946.845366, "N": 100}, "00:0e:8e:30:9e:53": {"rx": 2, "t": 1481651810.075276, "N": 100}, "00:0e:8e:30:9d:2d": {"rx": 3, "t": 1481651805.131147, "N": 100}, "00:0e:8e:30:9e:55": {"rx": 6, "t": 1481651832.663388, "N": 100}, "00:0e:8e:30:8c:c2": {"rx": 55, "t": 1481651924.099274, "N": 100}, "00:0e:8e:30:9e:64": {"rx": 82, "t": 1481651901.406541, "N": 100}, "00:0e:8e:30:9e:00": {"rx": 78, "t": 1481651890.169523, "N": 100}, "00:0e:8e:30:9e:67": {"rx": 43, "t": 1481651844.884495, "N": 100}, "00:0e:8e:30:9e:68": {"rx": 83, "t": 1481651884.608727, "N": 100}, "00:0e:8e:30:9c:eb": {"rx": 77, "t": 1481652031.930337, "N": 100}, "00:0e:8e:30:9c:b0": {"rx": 79, "t": 1481651992.029846, "N": 100}, "00:0e:8e:30:9d:ca": {"rx": 82, "t": 1481651856.132822, "N": 100}, "00:0e:8e:30:9d:ed": {"rx": 77, "t": 1481652026.110129, "N": 100}, "00:0e:8e:30:9d:ee": {"rx": 82, "t": 1481651952.329232, "N": 100}, "00:0e:8e:30:9c:f2": {"rx": 69, "t": 1481651873.020257, "N": 100}, "00:0e:8e:30:9c:f0": {"rx": 78, "t": 1481651997.693727, "N": 100}, "00:0e:8e:30:9c:af": {"rx": 15, "t": 1481651839.083011, "N": 100}, "00:0e:8e:30:9e:ae": {"rx": 3, "t": 1481652041.739051, "N": 100}, "00:0e:8e:30:9d:3b": {"rx": 80, "t": 1481651918.318035, "N": 100}, "00:0e:8e:30:9d:3c": {"rx": 83, "t": 1481651935.337875, "N": 100}, "00:0e:8e:30:9e:d3": {"rx": 10, "t": 1481652037.283276, "N": 100}, "00:0e:8e:30:9e:d0": {"rx": 9, "t": 1481651861.679982, "N": 100}, "00:0e:8e:30:9e:5b": {"rx": 78, "t": 1481651986.318913, "N": 100}, "00:0e:8e:30:9e:ce": {"rx": 82, "t": 1481651941.042375, "N": 100}, "00:0e:8e:30:9d:bb": {"rx": 79, "t": 1481651975.154322, "N": 100}, "00:0e:8e:30:9e:f0": {"rx": 23, "t": 1481651850.211907, "N": 100}, "00:0e:8e:30:9d:21": {"rx": 82, "t": 1481652014.938207, "N": 100}, "00:0e:8e:30:9e:b4": {"rx": 80, "t": 1481651912.501925, "N": 100}, "00:0e:8e:30:91:7b": {"rx": 83, "t": 1481651980.725737, "N": 100}, "00:0e:8e:30:9c:dd": {"rx": 1, "t": 1481651799.215274, "N": 100}, "00:0e:8e:30:9c:db": {"rx": 27, "t": 1481651878.563607, "N": 100}, "00:0e:8e:30:9d:e9": {"rx": 44, "t": 1481652054.421162, "N": 100}, "00:0e:8e:30:91:08": {"rx": 82, "t": 1481651929.629385, "N": 100}, "00:0e:8e:30:9c:d8": {"rx": 80, "t": 1481651963.633927, "N": 100}, "00:0e:8e:30:9c:f7": {"rx": 13, "t": 1481651827.599778, "N": 100}, "00:0e:8e:30:9c:ba": {"rx": 79, "t": 1481651867.477191, "N": 100}, "00:0e:8e:30:8f:77": {"rx": 83, "t": 1481651907.085575, "N": 100}, "00:0e:8e:30:9c:ea": {"rx": 82, "t": 1481652003.258306, "N": 100}}
