{"00:0e:8e:30:9e:94": {"rx": 80, "t": 1481652048.784792, "N": 100}, "00:0e:8e:30:9e:90": {"rx": 2, "t": 1481651895.313208, "N": 100}, "00:0e:8e:30:9e:dc": {"rx": 81, "t": 1481651946.818903, "N": 100}, "00:0e:8e:30:9e:d8": {"rx": 79, "t": 1481652020.507649, "N": 100}, "00:0e:8e:30:8c:c2": {"rx": 18, "t": 1481651924.121778, "N": 100}, "00:0e:8e:30:9e:64": {"rx": 68, "t": 1481651901.49048, "N": 100}, "00:0e:8e:30:9e:67": {"rx": 22, "t": 1481651844.966486, "N": 100}, "00:0e:8e:30:9e:68": {"rx": 2, "t": 1481651884.433682, "N": 100}, "00:0e:8e:30:9c:eb": {"rx": 28, "t": 1481652031.86922, "N": 100}, "00:0e:8e:30:9c:b0": {"rx": 82, "t": 1481651992.035885, "N": 100}, "00:0e:8e:30:9d:ed": {"rx": 81, "t": 1481652026.18774, "N": 100}, "00:0e:8e:30:9d:ee": {"rx": 83, "t": 1481651952.21148, "N": 100}, "00:0e:8e:30:9c:d8": {"rx": 78, "t": 1481651963.67935, "N": 100}, "00:0e:8e:30:9c:f0": {"rx": 81, "t": 1481651997.619529, "N": 100}, "00:0e:8e:30:9c:f2": {"rx": 65, "t": 1481651872.954456, "N": 100}, "00:0e:8e:30:9e:ae": {"rx": 83, "t": 1481652043.196383, "N": 100}, "00:0e:8e:30:9d:3b": {"rx": 63, "t": 1481651918.310579, "N": 100}, "00:0e:8e:30:9d:3c": {"rx": 80, "t": 1481651935.330672, "N": 100}, "00:0e:8e:30:9e:d3": {"rx": 82, "t": 1481652037.467543, "N": 100}, "00:0e:8e:30:9e:5b": {"rx": 79, "t": 1481651986.359442, "N": 100}, "00:0e:8e:30:9e:ce": {"rx": 83, "t": 1481651941.015233, "N": 100}, "00:0e:8e:30:9d:bb": {"rx": 83, "t": 1481651975.16351, "N": 100}, "00:0e:8e:30:9d:21": {"rx": 81, "t": 1481652014.939517, "N": 100}, "00:0e:8e:30:9e:ea": {"rx": 82, "t": 1481652009.008408, "N": 100}, "00:0e:8e:30:91:7b": {"rx": 84, "t": 1481651980.711297, "N": 100}, "00:0e:8e:30:9c:c0": {"rx": 79, "t": 1481651958.147176, "N": 100}, "00:0e:8e:30:9d:e9": {"rx": 81, "t": 1481652054.480457, "N": 100}, "00:0e:8e:30:91:08": {"rx": 83, "t": 1481651929.634727, "N": 100}, "00:0e:8e:30:8f:77": {"rx": 81, "t": 1481651907.082907, "N": 100}, "00:0e:8e:30:9c:ea": {"rx": 78, "t": 1481652003.307464, "N": 100}}
