{"00:0e:8e:30:9e:90": {"rx": 1, "t": 1481651894.989951, "N": 100}, "00:0e:8e:30:9e:53": {"rx": 80, "t": 1481651810.731686, "N": 100}, "00:0e:8e:30:9d:2d": {"rx": 75, "t": 1481651805.263273, "N": 100}, "00:0e:8e:30:9e:60": {"rx": 85, "t": 1481651816.687906, "N": 100}, "00:0e:8e:30:9e:64": {"rx": 67, "t": 1481651901.425474, "N": 100}, "00:0e:8e:30:9e:00": {"rx": 79, "t": 1481651890.139873, "N": 100}, "00:0e:8e:30:9e:67": {"rx": 81, "t": 1481651845.01548, "N": 100}, "00:0e:8e:30:9e:68": {"rx": 78, "t": 1481651884.572066, "N": 100}, "00:0e:8e:30:9c:b3": {"rx": 84, "t": 1481651793.991367, "N": 100}, "00:0e:8e:30:9d:ca": {"rx": 85, "t": 1481651856.191874, "N": 100}, "00:0e:8e:30:9c:f2": {"rx": 81, "t": 1481651872.931645, "N": 100}, "00:0e:8e:30:9c:af": {"rx": 83, "t": 1481651839.167587, "N": 100}, "00:0e:8e:30:9c:f9": {"rx": 83, "t": 1481651822.051772, "N": 100}, "00:0e:8e:30:9d:3b": {"rx": 82, "t": 1481651918.336742, "N": 100}, "00:0e:8e:30:9d:3c": {"rx": 80, "t": 1481651935.361261, "N": 100}, "00:0e:8e:30:9e:d0": {"rx": 75, "t": 1481651861.883999, "N": 100}, "00:0e:8e:30:9e:f0": {"rx": 77, "t": 1481651850.391468, "N": 100}, "00:0e:8e:30:9e:b4": {"rx": 17, "t": 1481651912.50996, "N": 100}, "00:0e:8e:30:9c:dd": {"rx": 82, "t": 1481651799.647349, "N": 100}, "00:0e:8e:30:9c:db": {"rx": 82, "t": 1481651878.639915, "N": 100}, "00:0e:8e:30:9c:f7": {"rx": 83, "t": 1481651827.892694, "N": 100}, "00:0e:8e:30:9c:ba": {"rx": 79, "t": 1481651867.496268, "N": 100}, "00:0e:8e:30:8f:77": {"rx": 52, "t": 1481651907.062711, "N": 100}}
