{"00:0e:8e:30:9e:94": {"rx": 76, "t": 1481652048.842466, "N": 100}, "00:0e:8e:30:9e:90": {"rx": 81, "t": 1481651895.716946, "N": 100}, "00:0e:8e:30:9e:dc": {"rx": 84, "t": 1481651946.833786, "N": 100}, "00:0e:8e:30:9d:39": {"rx": 80, "t": 1481651969.289633, "N": 100}, "00:0e:8e:30:9e:d8": {"rx": 74, "t": 1481652020.481775, "N": 100}, "00:0e:8e:30:9e:60": {"rx": 13, "t": 1481651816.567245, "N": 100}, "00:0e:8e:30:8c:c2": {"rx": 83, "t": 1481651924.153008, "N": 100}, "00:0e:8e:30:9e:64": {"rx": 82, "t": 1481651901.437598, "N": 100}, "00:0e:8e:30:9e:00": {"rx": 70, "t": 1481651890.152749, "N": 100}, "00:0e:8e:30:9e:67": {"rx": 3, "t": 1481651843.671534, "N": 100}, "00:0e:8e:30:9e:68": {"rx": 37, "t": 1481651884.471652, "N": 100}, "00:0e:8e:30:9c:b0": {"rx": 80, "t": 1481651991.99848, "N": 100}, "00:0e:8e:30:9d:ca": {"rx": 59, "t": 1481651856.132325, "N": 100}, "00:0e:8e:30:9d:ed": {"rx": 79, "t": 1481652026.177207, "N": 100}, "00:0e:8e:30:9d:ee": {"rx": 82, "t": 1481651952.233563, "N": 100}, "00:0e:8e:30:9c:f2": {"rx": 83, "t": 1481651872.944594, "N": 100}, "00:0e:8e:30:9c:f0": {"rx": 79, "t": 1481651997.705535, "N": 100}, "00:0e:8e:30:9c:d8": {"rx": 77, "t": 1481651963.637593, "N": 100}, "00:0e:8e:30:9e:ae": {"rx": 83, "t": 1481652043.157824, "N": 100}, "00:0e:8e:30:9d:3b": {"rx": 76, "t": 1481651918.245072, "N": 100}, "00:0e:8e:30:9d:3c": {"rx": 79, "t": 1481651935.32912, "N": 100}, "00:0e:8e:30:9e:d3": {"rx": 72, "t": 1481652037.457936, "N": 100}, "00:0e:8e:30:9e:5b": {"rx": 78, "t": 1481651986.329589, "N": 100}, "00:0e:8e:30:9d:21": {"rx": 76, "t": 1481652014.905608, "N": 100}, "00:0e:8e:30:9d:bb": {"rx": 81, "t": 1481651975.085254, "N": 100}, "00:0e:8e:30:9e:f0": {"rx": 61, "t": 1481651850.436001, "N": 100}, "00:0e:8e:30:9e:ea": {"rx": 79, "t": 1481652009.077571, "N": 100}, "00:0e:8e:30:91:7b": {"rx": 79, "t": 1481651980.669093, "N": 100}, "00:0e:8e:30:9c:c0": {"rx": 80, "t": 1481651958.053771, "N": 100}, "00:0e:8e:30:9c:db": {"rx": 12, "t": 1481651877.560287, "N": 100}, "00:0e:8e:30:9d:e9": {"rx": 76, "t": 1481652054.546022, "N": 100}, "00:0e:8e:30:91:08": {"rx": 84, "t": 1481651929.649379, "N": 100}, "00:0e:8e:30:9c:ba": {"rx": 1, "t": 1481651865.68322, "N": 100}, "00:0e:8e:30:8f:77": {"rx": 80, "t": 1481651907.021194, "N": 100}, "00:0e:8e:30:9c:ea": {"rx": 41, "t": 1481652003.276635, "N": 100}}
