{"00:0e:8e:30:9e:d8": {"rx": 82, "t": 1481652020.492071, "N": 100}, "00:0e:8e:30:9e:94": {"rx": 76, "t": 1481652048.7595, "N": 100}, "00:0e:8e:30:9c:c0": {"rx": 19, "t": 1481651957.96951, "N": 100}, "00:0e:8e:30:9c:b0": {"rx": 84, "t": 1481651992.027263, "N": 100}, "00:0e:8e:30:9e:5b": {"rx": 81, "t": 1481651986.355667, "N": 100}, "00:0e:8e:30:9d:bb": {"rx": 59, "t": 1481651975.046938, "N": 100}, "00:0e:8e:30:9d:21": {"rx": 44, "t": 1481652014.843446, "N": 100}, "00:0e:8e:30:9e:d3": {"rx": 83, "t": 1481652037.484016, "N": 100}, "00:0e:8e:30:9d:ed": {"rx": 81, "t": 1481652026.179312, "N": 100}, "00:0e:8e:30:9d:ee": {"rx": 24, "t": 1481651952.262449, "N": 100}, "00:0e:8e:30:9c:d8": {"rx": 77, "t": 1481651963.659465, "N": 100}, "00:0e:8e:30:9c:f0": {"rx": 80, "t": 1481651997.723537, "N": 100}, "00:0e:8e:30:9e:dc": {"rx": 2, "t": 1481651946.209751, "N": 100}, "00:0e:8e:30:9e:ea": {"rx": 78, "t": 1481652009.052033, "N": 100}, "00:0e:8e:30:9d:39": {"rx": 21, "t": 1481651969.338105, "N": 100}, "00:0e:8e:30:91:7b": {"rx": 72, "t": 1481651980.694456, "N": 100}, "00:0e:8e:30:9d:e9": {"rx": 77, "t": 1481652054.451553, "N": 100}, "00:0e:8e:30:9c:ea": {"rx": 79, "t": 1481652003.243361, "N": 100}}
