{"00:0e:8e:30:9d:2d": {"rx": 82, "t": 1481651805.325122, "N": 100}, "00:0e:8e:30:9e:55": {"rx": 80, "t": 1481651833.429681, "N": 100}, "00:0e:8e:30:9e:60": {"rx": 82, "t": 1481651816.60959, "N": 100}, "00:0e:8e:30:9e:64": {"rx": 67, "t": 1481651901.434911, "N": 100}, "00:0e:8e:30:9e:00": {"rx": 82, "t": 1481651890.165903, "N": 100}, "00:0e:8e:30:9e:67": {"rx": 83, "t": 1481651844.937511, "N": 100}, "00:0e:8e:30:9e:68": {"rx": 82, "t": 1481651884.637766, "N": 100}, "00:0e:8e:30:9c:b3": {"rx": 79, "t": 1481651793.912996, "N": 100}, "00:0e:8e:30:9d:ca": {"rx": 84, "t": 1481651856.189591, "N": 100}, "00:0e:8e:30:9c:f2": {"rx": 79, "t": 1481651872.922027, "N": 100}, "00:0e:8e:30:9c:af": {"rx": 82, "t": 1481651839.113886, "N": 100}, "00:0e:8e:30:9c:f9": {"rx": 78, "t": 1481651822.057708, "N": 100}, "00:0e:8e:30:9d:3b": {"rx": 80, "t": 1481651918.262749, "N": 100}, "00:0e:8e:30:9d:3c": {"rx": 56, "t": 1481651935.425503, "N": 100}, "00:0e:8e:30:9e:d0": {"rx": 81, "t": 1481651861.898313, "N": 100}, "00:0e:8e:30:9e:f0": {"rx": 81, "t": 1481651850.393169, "N": 100}, "00:0e:8e:30:9e:b4": {"rx": 6, "t": 1481651912.464707, "N": 100}, "00:0e:8e:30:9c:dd": {"rx": 82, "t": 1481651799.733409, "N": 100}, "00:0e:8e:30:9c:db": {"rx": 83, "t": 1481651878.622211, "N": 100}, "00:0e:8e:30:91:08": {"rx": 6, "t": 1481651929.236229, "N": 100}, "00:0e:8e:30:9c:d8": {"rx": 1, "t": 1481651962.263955, "N": 100}, "00:0e:8e:30:9c:f7": {"rx": 85, "t": 1481651827.977465, "N": 100}, "00:0e:8e:30:9c:ba": {"rx": 78, "t": 1481651867.569291, "N": 100}, "00:0e:8e:30:8f:77": {"rx": 80, "t": 1481651907.006451, "N": 100}}
