{"00:0e:8e:30:9e:94": {"rx": 79, "t": 1481652048.835763, "N": 100}, "00:0e:8e:30:9d:bb": {"rx": 81, "t": 1481651975.107032, "N": 100}, "00:0e:8e:30:9e:ea": {"rx": 85, "t": 1481652009.000096, "N": 100}, "00:0e:8e:30:9e:dc": {"rx": 83, "t": 1481651946.883037, "N": 100}, "00:0e:8e:30:9d:39": {"rx": 74, "t": 1481651969.283071, "N": 100}, "00:0e:8e:30:9e:d8": {"rx": 81, "t": 1481652020.547464, "N": 100}, "00:0e:8e:30:9e:64": {"rx": 33, "t": 1481651901.476932, "N": 100}, "00:0e:8e:30:9e:00": {"rx": 49, "t": 1481651890.201307, "N": 100}, "00:0e:8e:30:9e:68": {"rx": 7, "t": 1481651884.065528, "N": 100}, "00:0e:8e:30:9c:eb": {"rx": 78, "t": 1481652031.838641, "N": 100}, "00:0e:8e:30:9c:ea": {"rx": 82, "t": 1481652003.299323, "N": 100}, "00:0e:8e:30:9d:ca": {"rx": 80, "t": 1481651856.106389, "N": 100}, "00:0e:8e:30:9d:ed": {"rx": 81, "t": 1481652026.135804, "N": 100}, "00:0e:8e:30:9d:ee": {"rx": 80, "t": 1481651952.311174, "N": 100}, "00:0e:8e:30:9c:d8": {"rx": 82, "t": 1481651963.602961, "N": 100}, "00:0e:8e:30:9c:f0": {"rx": 81, "t": 1481651997.719048, "N": 100}, "00:0e:8e:30:9e:ae": {"rx": 35, "t": 1481652043.229069, "N": 100}, "00:0e:8e:30:9d:3b": {"rx": 70, "t": 1481651918.322708, "N": 100}, "00:0e:8e:30:9d:3c": {"rx": 80, "t": 1481651935.407056, "N": 100}, "00:0e:8e:30:9e:d3": {"rx": 66, "t": 1481652037.435067, "N": 100}, "00:0e:8e:30:9e:d0": {"rx": 44, "t": 1481651861.794017, "N": 100}, "00:0e:8e:30:9e:ce": {"rx": 81, "t": 1481651940.958446, "N": 100}, "00:0e:8e:30:9d:21": {"rx": 82, "t": 1481652014.927058, "N": 100}, "00:0e:8e:30:9e:b4": {"rx": 3, "t": 1481651910.953075, "N": 100}, "00:0e:8e:30:91:7b": {"rx": 77, "t": 1481651980.647098, "N": 100}, "00:0e:8e:30:9c:c0": {"rx": 77, "t": 1481651958.126584, "N": 100}, "00:0e:8e:30:9d:e9": {"rx": 55, "t": 1481652054.534998, "N": 100}, "00:0e:8e:30:91:08": {"rx": 82, "t": 1481651929.595002, "N": 100}, "00:0e:8e:30:9c:ba": {"rx": 14, "t": 1481651867.005532, "N": 100}, "00:0e:8e:30:8f:77": {"rx": 78, "t": 1481651907.07066, "N": 100}, "00:0e:8e:30:9c:b0": {"rx": 81, "t": 1481651992.027307, "N": 100}}
