{"00:0e:8e:30:9d:bb": {"rx": 76, "t": 1481651975.042357, "N": 100}, "00:0e:8e:30:9e:ea": {"rx": 6, "t": 1481652008.471699, "N": 100}, "00:0e:8e:30:9d:39": {"rx": 60, "t": 1481651969.357048, "N": 100}, "00:0e:8e:30:9e:dc": {"rx": 83, "t": 1481651946.881757, "N": 100}, "00:0e:8e:30:9e:55": {"rx": 76, "t": 1481651833.456751, "N": 100}, "00:0e:8e:30:9e:60": {"rx": 80, "t": 1481651816.636738, "N": 100}, "00:0e:8e:30:8c:c2": {"rx": 80, "t": 1481651924.181269, "N": 100}, "00:0e:8e:30:9e:64": {"rx": 84, "t": 1481651901.418281, "N": 100}, "00:0e:8e:30:9e:00": {"rx": 76, "t": 1481651890.200771, "N": 100}, "00:0e:8e:30:9e:67": {"rx": 83, "t": 1481651844.960887, "N": 100}, "00:0e:8e:30:9e:68": {"rx": 83, "t": 1481651884.633053, "N": 100}, "00:0e:8e:30:9c:b3": {"rx": 9, "t": 1481651793.34307, "N": 100}, "00:0e:8e:30:9c:b0": {"rx": 2, "t": 1481651991.634963, "N": 100}, "00:0e:8e:30:9d:ca": {"rx": 77, "t": 1481651856.172407, "N": 100}, "00:0e:8e:30:9d:ed": {"rx": 51, "t": 1481652026.169274, "N": 100}, "00:0e:8e:30:9d:ee": {"rx": 84, "t": 1481651952.321679, "N": 100}, "00:0e:8e:30:9c:f2": {"rx": 79, "t": 1481651873.000834, "N": 100}, "00:0e:8e:30:9c:f0": {"rx": 80, "t": 1481651997.722059, "N": 100}, "00:0e:8e:30:9c:af": {"rx": 76, "t": 1481651839.173091, "N": 100}, "00:0e:8e:30:9c:f9": {"rx": 78, "t": 1481651822.096784, "N": 100}, "00:0e:8e:30:9e:ae": {"rx": 2, "t": 1481652043.150828, "N": 100}, "00:0e:8e:30:9d:3b": {"rx": 80, "t": 1481651918.245692, "N": 100}, "00:0e:8e:30:9d:3c": {"rx": 77, "t": 1481651935.389872, "N": 100}, "00:0e:8e:30:9e:d0": {"rx": 81, "t": 1481651861.893068, "N": 100}, "00:0e:8e:30:9e:5b": {"rx": 1, "t": 1481651984.766976, "N": 100}, "00:0e:8e:30:9e:ce": {"rx": 84, "t": 1481651940.981763, "N": 100}, "00:0e:8e:30:9e:f0": {"rx": 83, "t": 1481651850.468719, "N": 100}, "00:0e:8e:30:9e:b4": {"rx": 79, "t": 1481651912.433284, "N": 100}, "00:0e:8e:30:91:7b": {"rx": 81, "t": 1481651980.758323, "N": 100}, "00:0e:8e:30:9c:dd": {"rx": 40, "t": 1481651799.603402, "N": 100}, "00:0e:8e:30:9c:c0": {"rx": 36, "t": 1481651958.019509, "N": 100}, "00:0e:8e:30:9c:db": {"rx": 82, "t": 1481651878.581049, "N": 100}, "00:0e:8e:30:91:08": {"rx": 81, "t": 1481651929.665694, "N": 100}, "00:0e:8e:30:9c:d8": {"rx": 78, "t": 1481651963.621614, "N": 100}, "00:0e:8e:30:9c:f7": {"rx": 69, "t": 1481651827.908842, "N": 100}, "00:0e:8e:30:9c:ba": {"rx": 78, "t": 1481651867.452964, "N": 100}, "00:0e:8e:30:8f:77": {"rx": 84, "t": 1481651907.101542, "N": 100}}
