{"00:0e:8e:30:9e:94": {"rx": 78, "t": 1481652048.750692, "N": 100}, "00:0e:8e:30:9d:bb": {"rx": 76, "t": 1481651975.069983, "N": 100}, "00:0e:8e:30:9e:dc": {"rx": 81, "t": 1481651946.805873, "N": 100}, "00:0e:8e:30:9d:39": {"rx": 81, "t": 1481651969.341963, "N": 100}, "00:0e:8e:30:9e:64": {"rx": 1, "t": 1481651899.524616, "N": 100}, "00:0e:8e:30:9c:eb": {"rx": 81, "t": 1481652031.910979, "N": 100}, "00:0e:8e:30:9c:b0": {"rx": 79, "t": 1481651992.0503, "N": 100}, "00:0e:8e:30:9d:ed": {"rx": 79, "t": 1481652026.106978, "N": 100}, "00:0e:8e:30:9d:ee": {"rx": 82, "t": 1481651952.329885, "N": 100}, "00:0e:8e:30:9c:d8": {"rx": 74, "t": 1481651963.649699, "N": 100}, "00:0e:8e:30:9c:f0": {"rx": 81, "t": 1481651997.650514, "N": 100}, "00:0e:8e:30:9e:ae": {"rx": 81, "t": 1481652043.187257, "N": 100}, "00:0e:8e:30:9d:3c": {"rx": 47, "t": 1481651935.417303, "N": 100}, "00:0e:8e:30:9e:d3": {"rx": 80, "t": 1481652037.473947, "N": 100}, "00:0e:8e:30:9e:5b": {"rx": 78, "t": 1481651986.346636, "N": 100}, "00:0e:8e:30:9e:ce": {"rx": 69, "t": 1481651940.997632, "N": 100}, "00:0e:8e:30:9d:21": {"rx": 83, "t": 1481652014.890296, "N": 100}, "00:0e:8e:30:9e:ea": {"rx": 78, "t": 1481652009.074118, "N": 100}, "00:0e:8e:30:91:7b": {"rx": 77, "t": 1481651980.746181, "N": 100}, "00:0e:8e:30:9c:c0": {"rx": 77, "t": 1481651958.161866, "N": 100}, "00:0e:8e:30:9d:e9": {"rx": 78, "t": 1481652054.562975, "N": 100}, "00:0e:8e:30:91:08": {"rx": 82, "t": 1481651929.605573, "N": 100}, "00:0e:8e:30:8f:77": {"rx": 52, "t": 1481651907.025706, "N": 100}, "00:0e:8e:30:9c:ea": {"rx": 82, "t": 1481652003.238632, "N": 100}}
