{"00:0e:8e:30:9e:94": {"rx": 76, "t": 1481652048.844931, "N": 100}, "00:0e:8e:30:9e:90": {"rx": 19, "t": 1481651895.683021, "N": 100}, "00:0e:8e:30:9e:dc": {"rx": 80, "t": 1481651946.796471, "N": 100}, "00:0e:8e:30:9d:39": {"rx": 81, "t": 1481651969.36977, "N": 100}, "00:0e:8e:30:9e:d8": {"rx": 77, "t": 1481652020.521485, "N": 100}, "00:0e:8e:30:8c:c2": {"rx": 74, "t": 1481651924.188444, "N": 100}, "00:0e:8e:30:9e:64": {"rx": 77, "t": 1481651901.393346, "N": 100}, "00:0e:8e:30:9e:67": {"rx": 5, "t": 1481651844.770648, "N": 100}, "00:0e:8e:30:9e:68": {"rx": 25, "t": 1481651884.639248, "N": 100}, "00:0e:8e:30:9c:eb": {"rx": 78, "t": 1481652031.821168, "N": 100}, "00:0e:8e:30:9c:b0": {"rx": 79, "t": 1481651992.033044, "N": 100}, "00:0e:8e:30:9d:ed": {"rx": 78, "t": 1481652026.102362, "N": 100}, "00:0e:8e:30:9d:ee": {"rx": 79, "t": 1481651952.309039, "N": 100}, "00:0e:8e:30:9c:d8": {"rx": 81, "t": 1481651963.592652, "N": 100}, "00:0e:8e:30:9c:f0": {"rx": 79, "t": 1481651997.645048, "N": 100}, "00:0e:8e:30:9c:f2": {"rx": 81, "t": 1481651873.028375, "N": 100}, "00:0e:8e:30:9e:ae": {"rx": 82, "t": 1481652043.185578, "N": 100}, "00:0e:8e:30:9d:3b": {"rx": 79, "t": 1481651918.244239, "N": 100}, "00:0e:8e:30:9d:3c": {"rx": 79, "t": 1481651935.412786, "N": 100}, "00:0e:8e:30:9e:d3": {"rx": 81, "t": 1481652037.401478, "N": 100}, "00:0e:8e:30:9e:5b": {"rx": 80, "t": 1481651986.35693, "N": 100}, "00:0e:8e:30:9e:ce": {"rx": 81, "t": 1481651940.964145, "N": 100}, "00:0e:8e:30:9d:21": {"rx": 80, "t": 1481652014.933092, "N": 100}, "00:0e:8e:30:9e:ea": {"rx": 89, "t": 1481652008.994537, "N": 100}, "00:0e:8e:30:91:7b": {"rx": 81, "t": 1481651980.668293, "N": 100}, "00:0e:8e:30:9c:c0": {"rx": 76, "t": 1481651958.07704, "N": 100}, "00:0e:8e:30:9c:db": {"rx": 30, "t": 1481651878.602858, "N": 100}, "00:0e:8e:30:9d:e9": {"rx": 77, "t": 1481652054.52609, "N": 100}, "00:0e:8e:30:91:08": {"rx": 81, "t": 1481651929.624579, "N": 100}, "00:0e:8e:30:8f:77": {"rx": 79, "t": 1481651907.084532, "N": 100}, "00:0e:8e:30:9c:ea": {"rx": 82, "t": 1481652003.296939, "N": 100}}
