{"00:0e:8e:30:9e:53": {"rx": 80, "t": 1481651810.822751, "N": 100}, "00:0e:8e:30:9e:55": {"rx": 79, "t": 1481651833.463637, "N": 100}, "00:0e:8e:30:9e:60": {"rx": 79, "t": 1481651816.623253, "N": 100}, "00:0e:8e:30:9e:64": {"rx": 64, "t": 1481651901.470883, "N": 100}, "00:0e:8e:30:9e:00": {"rx": 70, "t": 1481651890.155329, "N": 100}, "00:0e:8e:30:9e:67": {"rx": 81, "t": 1481651844.951511, "N": 100}, "00:0e:8e:30:9e:68": {"rx": 80, "t": 1481651884.576011, "N": 100}, "00:0e:8e:30:9c:b3": {"rx": 83, "t": 1481651793.99904, "N": 100}, "00:0e:8e:30:9d:ca": {"rx": 81, "t": 1481651856.179469, "N": 100}, "00:0e:8e:30:9c:f2": {"rx": 82, "t": 1481651872.939224, "N": 100}, "00:0e:8e:30:9c:af": {"rx": 84, "t": 1481651839.143362, "N": 100}, "00:0e:8e:30:9c:f9": {"rx": 80, "t": 1481651822.103776, "N": 100}, "00:0e:8e:30:9d:3b": {"rx": 80, "t": 1481651918.3206, "N": 100}, "00:0e:8e:30:9d:3c": {"rx": 6, "t": 1481651935.174306, "N": 100}, "00:0e:8e:30:9e:d0": {"rx": 72, "t": 1481651861.803572, "N": 100}, "00:0e:8e:30:9e:f0": {"rx": 82, "t": 1481651850.37557, "N": 100}, "00:0e:8e:30:9c:dd": {"rx": 85, "t": 1481651799.674674, "N": 100}, "00:0e:8e:30:9c:db": {"rx": 83, "t": 1481651878.632019, "N": 100}, "00:0e:8e:30:91:08": {"rx": 76, "t": 1481651929.588644, "N": 100}, "00:0e:8e:30:9c:f7": {"rx": 80, "t": 1481651827.900296, "N": 100}, "00:0e:8e:30:9c:ba": {"rx": 82, "t": 1481651867.5076, "N": 100}, "00:0e:8e:30:8f:77": {"rx": 76, "t": 1481651907.035901, "N": 100}}
