{"00:0e:8e:30:8f:77": {"rx": 61, "t": 1481651907.004233, "N": 100}, "00:0e:8e:30:9c:ba": {"rx": 78, "t": 1481651867.523426, "N": 100}, "00:0e:8e:30:9d:ca": {"rx": 83, "t": 1481651856.198935, "N": 100}, "00:0e:8e:30:9e:00": {"rx": 63, "t": 1481651890.174607, "N": 100}, "00:0e:8e:30:9e:67": {"rx": 81, "t": 1481651844.994662, "N": 100}, "00:0e:8e:30:9c:dd": {"rx": 82, "t": 1481651799.626386, "N": 100}, "00:0e:8e:30:9c:b3": {"rx": 82, "t": 1481651793.918444, "N": 100}, "00:0e:8e:30:9e:d0": {"rx": 78, "t": 1481651861.782186, "N": 100}, "00:0e:8e:30:9e:68": {"rx": 86, "t": 1481651884.590912, "N": 100}, "00:0e:8e:30:9d:3b": {"rx": 59, "t": 1481651918.263315, "N": 100}, "00:0e:8e:30:9e:90": {"rx": 1, "t": 1481651895.052933, "N": 100}, "00:0e:8e:30:9c:db": {"rx": 79, "t": 1481651878.659236, "N": 100}, "00:0e:8e:30:9e:f0": {"rx": 83, "t": 1481651850.422725, "N": 100}, "00:0e:8e:30:9c:f7": {"rx": 78, "t": 1481651827.923515, "N": 100}, "00:0e:8e:30:9c:f2": {"rx": 83, "t": 1481651872.951572, "N": 100}, "00:0e:8e:30:9c:af": {"rx": 84, "t": 1481651839.115214, "N": 100}, "00:0e:8e:30:9e:53": {"rx": 81, "t": 1481651810.786644, "N": 100}, "00:0e:8e:30:9d:2d": {"rx": 78, "t": 1481651805.334579, "N": 100}, "00:0e:8e:30:9e:55": {"rx": 82, "t": 1481651833.398504, "N": 100}, "00:0e:8e:30:9c:f9": {"rx": 81, "t": 1481651822.11104, "N": 100}}
