{"00:0e:8e:30:9e:90": {"rx": 80, "t": 1481651895.792831, "N": 100}, "00:0e:8e:30:9d:39": {"rx": 16, "t": 1481651969.06809, "N": 100}, "00:0e:8e:30:9e:dc": {"rx": 80, "t": 1481651946.849148, "N": 100}, "00:0e:8e:30:9e:53": {"rx": 80, "t": 1481651810.796473, "N": 100}, "00:0e:8e:30:9d:2d": {"rx": 78, "t": 1481651805.22868, "N": 100}, "00:0e:8e:30:9e:55": {"rx": 81, "t": 1481651833.428643, "N": 100}, "00:0e:8e:30:9e:60": {"rx": 79, "t": 1481651816.588528, "N": 100}, "00:0e:8e:30:9e:64": {"rx": 82, "t": 1481651901.453456, "N": 100}, "00:0e:8e:30:9e:00": {"rx": 78, "t": 1481651890.220649, "N": 100}, "00:0e:8e:30:9c:f7": {"rx": 78, "t": 1481651827.960346, "N": 100}, "00:0e:8e:30:9e:68": {"rx": 79, "t": 1481651884.641218, "N": 100}, "00:0e:8e:30:9c:b3": {"rx": 81, "t": 1481651793.960141, "N": 100}, "00:0e:8e:30:9d:ca": {"rx": 83, "t": 1481651856.136441, "N": 100}, "00:0e:8e:30:9d:ee": {"rx": 41, "t": 1481651952.213333, "N": 100}, "00:0e:8e:30:9c:f2": {"rx": 81, "t": 1481651872.996582, "N": 100}, "00:0e:8e:30:9c:af": {"rx": 82, "t": 1481651839.116771, "N": 100}, "00:0e:8e:30:9c:f9": {"rx": 81, "t": 1481651822.013285, "N": 100}, "00:0e:8e:30:9d:3b": {"rx": 80, "t": 1481651918.233602, "N": 100}, "00:0e:8e:30:9d:3c": {"rx": 7, "t": 1481651934.34679, "N": 100}, "00:0e:8e:30:9e:d0": {"rx": 85, "t": 1481651861.824511, "N": 100}, "00:0e:8e:30:9e:f0": {"rx": 81, "t": 1481651850.444473, "N": 100}, "00:0e:8e:30:9e:b4": {"rx": 62, "t": 1481651912.501187, "N": 100}, "00:0e:8e:30:9c:dd": {"rx": 80, "t": 1481651799.647938, "N": 100}, "00:0e:8e:30:9c:db": {"rx": 82, "t": 1481651878.585518, "N": 100}, "00:0e:8e:30:91:08": {"rx": 76, "t": 1481651929.605324, "N": 100}, "00:0e:8e:30:9c:d8": {"rx": 7, "t": 1481651963.619051, "N": 100}, "00:0e:8e:30:9c:ba": {"rx": 78, "t": 1481651867.524939, "N": 100}, "00:0e:8e:30:8f:77": {"rx": 78, "t": 1481651907.041046, "N": 100}}
