{"00:0e:8e:30:9e:ae": {"rx": 82, "t": 1481652043.230821, "N": 100}, "00:0e:8e:30:9e:d8": {"rx": 79, "t": 1481652020.530402, "N": 100}, "00:0e:8e:30:9d:ed": {"rx": 79, "t": 1481652026.106974, "N": 100}, "00:0e:8e:30:9e:94": {"rx": 82, "t": 1481652048.783356, "N": 100}, "00:0e:8e:30:9c:eb": {"rx": 78, "t": 1481652031.898227, "N": 100}, "00:0e:8e:30:9c:b0": {"rx": 81, "t": 1481651991.973961, "N": 100}, "00:0e:8e:30:9e:5b": {"rx": 33, "t": 1481651986.361189, "N": 100}, "00:0e:8e:30:9d:bb": {"rx": 85, "t": 1481651975.089714, "N": 100}, "00:0e:8e:30:9e:ce": {"rx": 38, "t": 1481651940.992806, "N": 100}, "00:0e:8e:30:9d:e9": {"rx": 80, "t": 1481652054.491286, "N": 100}, "00:0e:8e:30:91:08": {"rx": 72, "t": 1481651929.613514, "N": 100}, "00:0e:8e:30:9d:ee": {"rx": 78, "t": 1481651952.305243, "N": 100}, "00:0e:8e:30:9c:d8": {"rx": 79, "t": 1481651963.617458, "N": 100}, "00:0e:8e:30:9d:21": {"rx": 80, "t": 1481652014.946071, "N": 100}, "00:0e:8e:30:9c:f0": {"rx": 83, "t": 1481651997.654097, "N": 100}, "00:0e:8e:30:9d:39": {"rx": 79, "t": 1481651969.389887, "N": 100}, "00:0e:8e:30:9e:ea": {"rx": 80, "t": 1481652008.986321, "N": 100}, "00:0e:8e:30:9e:dc": {"rx": 35, "t": 1481651946.909399, "N": 100}, "00:0e:8e:30:91:7b": {"rx": 81, "t": 1481651980.669445, "N": 100}, "00:0e:8e:30:9c:ea": {"rx": 80, "t": 1481652003.301877, "N": 100}}
