{"00:0e:8e:30:9e:90": {"rx": 68, "t": 1481651895.689155, "N": 100}, "00:0e:8e:30:9e:53": {"rx": 80, "t": 1481651810.832781, "N": 100}, "00:0e:8e:30:9d:2d": {"rx": 79, "t": 1481651805.256774, "N": 100}, "00:0e:8e:30:9e:55": {"rx": 81, "t": 1481651833.396675, "N": 100}, "00:0e:8e:30:9e:60": {"rx": 80, "t": 1481651816.637001, "N": 100}, "00:0e:8e:30:9e:64": {"rx": 78, "t": 1481651901.497932, "N": 100}, "00:0e:8e:30:9e:00": {"rx": 80, "t": 1481651890.129387, "N": 100}, "00:0e:8e:30:9e:67": {"rx": 83, "t": 1481651845.005412, "N": 100}, "00:0e:8e:30:9e:68": {"rx": 78, "t": 1481651884.569262, "N": 100}, "00:0e:8e:30:9c:b3": {"rx": 82, "t": 1481651793.904634, "N": 100}, "00:0e:8e:30:9d:ca": {"rx": 84, "t": 1481651856.133221, "N": 100}, "00:0e:8e:30:9c:f2": {"rx": 78, "t": 1481651872.941058, "N": 100}, "00:0e:8e:30:9c:af": {"rx": 80, "t": 1481651839.2051, "N": 100}, "00:0e:8e:30:9d:3b": {"rx": 48, "t": 1481651918.260874, "N": 100}, "00:0e:8e:30:9d:3c": {"rx": 7, "t": 1481651935.367874, "N": 100}, "00:0e:8e:30:9e:d0": {"rx": 85, "t": 1481651861.805985, "N": 100}, "00:0e:8e:30:9e:f0": {"rx": 85, "t": 1481651850.425689, "N": 100}, "00:0e:8e:30:9c:dd": {"rx": 80, "t": 1481651799.692694, "N": 100}, "00:0e:8e:30:9c:db": {"rx": 82, "t": 1481651878.633242, "N": 100}, "00:0e:8e:30:91:08": {"rx": 28, "t": 1481651929.664591, "N": 100}, "00:0e:8e:30:9c:f7": {"rx": 81, "t": 1481651827.957242, "N": 100}, "00:0e:8e:30:9c:ba": {"rx": 81, "t": 1481651867.493889, "N": 100}, "00:0e:8e:30:8f:77": {"rx": 79, "t": 1481651907.090134, "N": 100}}
