{"00:0e:8e:30:9e:94": {"rx": 79, "t": 1481652048.802308, "N": 100}, "00:0e:8e:30:9d:bb": {"rx": 84, "t": 1481651975.089539, "N": 100}, "00:0e:8e:30:9e:dc": {"rx": 80, "t": 1481651946.817386, "N": 100}, "00:0e:8e:30:9d:39": {"rx": 80, "t": 1481651969.289734, "N": 100}, "00:0e:8e:30:9c:eb": {"rx": 80, "t": 1481652031.930812, "N": 100}, "00:0e:8e:30:9c:b0": {"rx": 80, "t": 1481651992.022686, "N": 100}, "00:0e:8e:30:9d:ee": {"rx": 81, "t": 1481651952.301915, "N": 100}, "00:0e:8e:30:9c:d8": {"rx": 78, "t": 1481651963.709283, "N": 100}, "00:0e:8e:30:9c:f0": {"rx": 79, "t": 1481651997.622421, "N": 100}, "00:0e:8e:30:9e:ae": {"rx": 81, "t": 1481652043.231347, "N": 100}, "00:0e:8e:30:9e:d8": {"rx": 82, "t": 1481652020.490095, "N": 100}, "00:0e:8e:30:9d:3c": {"rx": 18, "t": 1481651935.328719, "N": 100}, "00:0e:8e:30:9e:d3": {"rx": 82, "t": 1481652037.406457, "N": 100}, "00:0e:8e:30:9e:5b": {"rx": 77, "t": 1481651986.341693, "N": 100}, "00:0e:8e:30:9e:ce": {"rx": 63, "t": 1481651941.017173, "N": 100}, "00:0e:8e:30:9d:21": {"rx": 82, "t": 1481652014.926166, "N": 100}, "00:0e:8e:30:9e:ea": {"rx": 84, "t": 1481652009.007293, "N": 100}, "00:0e:8e:30:91:7b": {"rx": 77, "t": 1481651980.653845, "N": 100}, "00:0e:8e:30:9c:c0": {"rx": 75, "t": 1481651958.121362, "N": 100}, "00:0e:8e:30:9d:e9": {"rx": 77, "t": 1481652054.523279, "N": 100}, "00:0e:8e:30:91:08": {"rx": 61, "t": 1481651929.660814, "N": 100}, "00:0e:8e:30:8f:77": {"rx": 11, "t": 1481651906.647964, "N": 100}, "00:0e:8e:30:9c:ea": {"rx": 80, "t": 1481652003.318071, "N": 100}}
