{"00:0e:8e:30:9d:3b": {"rx": 1, "t": 1481651918.13297, "N": 100}, "00:0e:8e:30:9d:3c": {"rx": 79, "t": 1481651935.442204, "N": 100}, "00:0e:8e:30:9d:ed": {"rx": 79, "t": 1481652026.096275, "N": 100}, "00:0e:8e:30:9e:94": {"rx": 51, "t": 1481652048.834616, "N": 100}, "00:0e:8e:30:9c:c0": {"rx": 77, "t": 1481651958.122571, "N": 100}, "00:0e:8e:30:9c:b0": {"rx": 81, "t": 1481651991.975046, "N": 100}, "00:0e:8e:30:9e:5b": {"rx": 80, "t": 1481651986.390969, "N": 100}, "00:0e:8e:30:9d:bb": {"rx": 82, "t": 1481651975.114881, "N": 100}, "00:0e:8e:30:9d:21": {"rx": 63, "t": 1481652014.842737, "N": 100}, "00:0e:8e:30:9e:d3": {"rx": 78, "t": 1481652037.475509, "N": 100}, "00:0e:8e:30:91:08": {"rx": 9, "t": 1481651929.604982, "N": 100}, "00:0e:8e:30:9d:ee": {"rx": 80, "t": 1481651952.298947, "N": 100}, "00:0e:8e:30:9c:d8": {"rx": 78, "t": 1481651963.698563, "N": 100}, "00:0e:8e:30:9c:eb": {"rx": 79, "t": 1481652031.915668, "N": 100}, "00:0e:8e:30:9c:f0": {"rx": 83, "t": 1481651997.683038, "N": 100}, "00:0e:8e:30:9d:39": {"rx": 80, "t": 1481651969.290812, "N": 100}, "00:0e:8e:30:9e:ea": {"rx": 84, "t": 1481652009.023573, "N": 100}, "00:0e:8e:30:9e:dc": {"rx": 78, "t": 1481651946.862914, "N": 100}, "00:0e:8e:30:91:7b": {"rx": 78, "t": 1481651980.678814, "N": 100}, "00:0e:8e:30:9e:d8": {"rx": 81, "t": 1481652020.499203, "N": 100}}
