{"00:0e:8e:30:9e:60": {"rx": 81, "t": 1481651816.657759, "N": 100}, "00:0e:8e:30:9d:3b": {"rx": 1, "t": 1481651917.855635, "N": 100}, "00:0e:8e:30:9c:ba": {"rx": 78, "t": 1481651867.561474, "N": 100}, "00:0e:8e:30:9e:64": {"rx": 35, "t": 1481651901.392031, "N": 100}, "00:0e:8e:30:9d:ca": {"rx": 82, "t": 1481651856.17355, "N": 100}, "00:0e:8e:30:9e:00": {"rx": 1, "t": 1481651887.923588, "N": 100}, "00:0e:8e:30:9e:67": {"rx": 83, "t": 1481651844.913605, "N": 100}, "00:0e:8e:30:9c:dd": {"rx": 83, "t": 1481651799.688773, "N": 100}, "00:0e:8e:30:8f:77": {"rx": 55, "t": 1481651906.965605, "N": 100}, "00:0e:8e:30:9e:d0": {"rx": 82, "t": 1481651861.869728, "N": 100}, "00:0e:8e:30:9e:68": {"rx": 72, "t": 1481651884.66459, "N": 100}, "00:0e:8e:30:9c:db": {"rx": 80, "t": 1481651878.606457, "N": 100}, "00:0e:8e:30:9e:f0": {"rx": 79, "t": 1481651850.365363, "N": 100}, "00:0e:8e:30:9c:f7": {"rx": 81, "t": 1481651827.969183, "N": 100}, "00:0e:8e:30:9c:f2": {"rx": 81, "t": 1481651873.025643, "N": 100}, "00:0e:8e:30:9c:af": {"rx": 84, "t": 1481651839.1174, "N": 100}, "00:0e:8e:30:9e:53": {"rx": 83, "t": 1481651810.732797, "N": 100}, "00:0e:8e:30:9d:2d": {"rx": 78, "t": 1481651805.292715, "N": 100}, "00:0e:8e:30:9e:55": {"rx": 80, "t": 1481651833.417018, "N": 100}, "00:0e:8e:30:9c:f9": {"rx": 81, "t": 1481651822.017697, "N": 100}}
