{"00:0e:8e:30:9e:60": {"rx": 83, "t": 1481651816.610659, "N": 100}, "00:0e:8e:30:8f:77": {"rx": 80, "t": 1481651907.115908, "N": 100}, "00:0e:8e:30:9c:ba": {"rx": 78, "t": 1481651867.446831, "N": 100}, "00:0e:8e:30:9e:64": {"rx": 74, "t": 1481651901.439755, "N": 100}, "00:0e:8e:30:9d:ca": {"rx": 80, "t": 1481651856.15045, "N": 100}, "00:0e:8e:30:9e:00": {"rx": 36, "t": 1481651890.193946, "N": 100}, "00:0e:8e:30:9e:67": {"rx": 79, "t": 1481651844.966201, "N": 100}, "00:0e:8e:30:9e:68": {"rx": 84, "t": 1481651884.614499, "N": 100}, "00:0e:8e:30:9c:b3": {"rx": 83, "t": 1481651793.953721, "N": 100}, "00:0e:8e:30:9e:d0": {"rx": 80, "t": 1481651861.863012, "N": 100}, "00:0e:8e:30:9d:3b": {"rx": 50, "t": 1481651918.267696, "N": 100}, "00:0e:8e:30:9c:db": {"rx": 85, "t": 1481651878.687123, "N": 100}, "00:0e:8e:30:9e:f0": {"rx": 80, "t": 1481651850.462389, "N": 100}, "00:0e:8e:30:9c:f7": {"rx": 77, "t": 1481651827.962169, "N": 100}, "00:0e:8e:30:9c:f2": {"rx": 79, "t": 1481651873.006731, "N": 100}, "00:0e:8e:30:9c:af": {"rx": 84, "t": 1481651839.166505, "N": 100}, "00:0e:8e:30:9e:53": {"rx": 81, "t": 1481651810.814122, "N": 100}, "00:0e:8e:30:9d:2d": {"rx": 83, "t": 1481651805.277939, "N": 100}, "00:0e:8e:30:9e:55": {"rx": 82, "t": 1481651833.39809, "N": 100}, "00:0e:8e:30:9c:f9": {"rx": 80, "t": 1481651822.027223, "N": 100}}
