{"00:0e:8e:30:9e:94": {"rx": 77, "t": 1481652048.866785, "N": 100}, "00:0e:8e:30:9d:bb": {"rx": 85, "t": 1481651975.089895, "N": 100}, "00:0e:8e:30:9e:dc": {"rx": 82, "t": 1481651946.826317, "N": 100}, "00:0e:8e:30:9d:39": {"rx": 76, "t": 1481651969.28572, "N": 100}, "00:0e:8e:30:9e:64": {"rx": 11, "t": 1481651901.188733, "N": 100}, "00:0e:8e:30:9c:eb": {"rx": 6, "t": 1481652031.740164, "N": 100}, "00:0e:8e:30:9c:b0": {"rx": 78, "t": 1481651992.018871, "N": 100}, "00:0e:8e:30:9d:ed": {"rx": 77, "t": 1481652026.138813, "N": 100}, "00:0e:8e:30:9d:ee": {"rx": 82, "t": 1481651952.226119, "N": 100}, "00:0e:8e:30:9c:d8": {"rx": 79, "t": 1481651963.673458, "N": 100}, "00:0e:8e:30:9c:f0": {"rx": 80, "t": 1481651997.638, "N": 100}, "00:0e:8e:30:9e:d8": {"rx": 80, "t": 1481652020.518972, "N": 100}, "00:0e:8e:30:9e:d3": {"rx": 86, "t": 1481652037.49876, "N": 100}, "00:0e:8e:30:9e:5b": {"rx": 76, "t": 1481651986.417775, "N": 100}, "00:0e:8e:30:9e:ce": {"rx": 79, "t": 1481651940.98563, "N": 100}, "00:0e:8e:30:9d:21": {"rx": 79, "t": 1481652014.842297, "N": 100}, "00:0e:8e:30:9e:ea": {"rx": 81, "t": 1481652008.974567, "N": 100}, "00:0e:8e:30:91:7b": {"rx": 78, "t": 1481651980.665742, "N": 100}, "00:0e:8e:30:9d:e9": {"rx": 74, "t": 1481652054.466694, "N": 100}, "00:0e:8e:30:91:08": {"rx": 82, "t": 1481651929.624889, "N": 100}, "00:0e:8e:30:8f:77": {"rx": 60, "t": 1481651907.016604, "N": 100}, "00:0e:8e:30:9c:ea": {"rx": 51, "t": 1481652003.213761, "N": 100}}
