{"00:0e:8e:30:9e:94": {"rx": 76, "t": 1481652048.868219, "N": 100}, "00:0e:8e:30:9d:bb": {"rx": 82, "t": 1481651975.135803, "N": 100}, "00:0e:8e:30:9e:dc": {"rx": 81, "t": 1481651946.895884, "N": 100}, "00:0e:8e:30:9d:39": {"rx": 78, "t": 1481651969.331686, "N": 100}, "00:0e:8e:30:9e:64": {"rx": 45, "t": 1481651901.447911, "N": 100}, "00:0e:8e:30:9c:eb": {"rx": 82, "t": 1481652031.900389, "N": 100}, "00:0e:8e:30:9c:b0": {"rx": 80, "t": 1481651991.963915, "N": 100}, "00:0e:8e:30:9d:ed": {"rx": 79, "t": 1481652026.101455, "N": 100}, "00:0e:8e:30:9d:ee": {"rx": 80, "t": 1481651952.327558, "N": 100}, "00:0e:8e:30:9c:d8": {"rx": 76, "t": 1481651963.659799, "N": 100}, "00:0e:8e:30:9c:f0": {"rx": 83, "t": 1481651997.65707, "N": 100}, "00:0e:8e:30:9e:ae": {"rx": 82, "t": 1481652043.200492, "N": 100}, "00:0e:8e:30:9e:d8": {"rx": 80, "t": 1481652020.520282, "N": 100}, "00:0e:8e:30:9e:d3": {"rx": 76, "t": 1481652037.484088, "N": 100}, "00:0e:8e:30:9e:5b": {"rx": 81, "t": 1481651986.376173, "N": 100}, "00:0e:8e:30:9e:ce": {"rx": 68, "t": 1481651941.043131, "N": 100}, "00:0e:8e:30:9e:ea": {"rx": 82, "t": 1481652009.037075, "N": 100}, "00:0e:8e:30:91:7b": {"rx": 78, "t": 1481651980.703436, "N": 100}, "00:0e:8e:30:9c:c0": {"rx": 73, "t": 1481651958.135568, "N": 100}, "00:0e:8e:30:9d:e9": {"rx": 78, "t": 1481652054.577005, "N": 100}, "00:0e:8e:30:91:08": {"rx": 85, "t": 1481651929.675872, "N": 100}, "00:0e:8e:30:9c:ea": {"rx": 71, "t": 1481652003.343985, "N": 100}}
