{"00:0e:8e:30:9e:94": {"rx": 26, "t": 1481652048.74146, "N": 100}, "00:0e:8e:30:9e:90": {"rx": 82, "t": 1481651895.788862, "N": 100}, "00:0e:8e:30:9e:ea": {"rx": 78, "t": 1481652009.077962, "N": 100}, "00:0e:8e:30:9d:39": {"rx": 80, "t": 1481651969.293749, "N": 100}, "00:0e:8e:30:9e:dc": {"rx": 82, "t": 1481651946.85872, "N": 100}, "00:0e:8e:30:9e:d8": {"rx": 77, "t": 1481652020.490213, "N": 100}, "00:0e:8e:30:9e:60": {"rx": 3, "t": 1481651814.420398, "N": 100}, "00:0e:8e:30:9e:64": {"rx": 83, "t": 1481651901.389586, "N": 100}, "00:0e:8e:30:9e:00": {"rx": 65, "t": 1481651890.212169, "N": 100}, "00:0e:8e:30:9e:67": {"rx": 81, "t": 1481651844.952466, "N": 100}, "00:0e:8e:30:9e:68": {"rx": 82, "t": 1481651884.640879, "N": 100}, "00:0e:8e:30:9c:b0": {"rx": 82, "t": 1481651991.958091, "N": 100}, "00:0e:8e:30:9d:ca": {"rx": 81, "t": 1481651856.104765, "N": 100}, "00:0e:8e:30:9d:ed": {"rx": 71, "t": 1481652026.071479, "N": 100}, "00:0e:8e:30:9d:ee": {"rx": 80, "t": 1481651952.321486, "N": 100}, "00:0e:8e:30:9c:f2": {"rx": 81, "t": 1481651873.008753, "N": 100}, "00:0e:8e:30:9c:f0": {"rx": 82, "t": 1481651997.65798, "N": 100}, "00:0e:8e:30:9c:d8": {"rx": 79, "t": 1481651963.621586, "N": 100}, "00:0e:8e:30:9c:f9": {"rx": 30, "t": 1481651822.05941, "N": 100}, "00:0e:8e:30:9e:ae": {"rx": 81, "t": 1481652043.166105, "N": 100}, "00:0e:8e:30:9d:3b": {"rx": 81, "t": 1481651918.265868, "N": 100}, "00:0e:8e:30:9d:3c": {"rx": 82, "t": 1481651935.4259, "N": 100}, "00:0e:8e:30:9e:d0": {"rx": 18, "t": 1481651861.683461, "N": 100}, "00:0e:8e:30:9e:5b": {"rx": 79, "t": 1481651986.377857, "N": 100}, "00:0e:8e:30:9e:ce": {"rx": 78, "t": 1481651940.933454, "N": 100}, "00:0e:8e:30:9d:bb": {"rx": 81, "t": 1481651975.142255, "N": 100}, "00:0e:8e:30:9e:f0": {"rx": 80, "t": 1481651850.404592, "N": 100}, "00:0e:8e:30:9d:21": {"rx": 77, "t": 1481652014.866483, "N": 100}, "00:0e:8e:30:9e:b4": {"rx": 25, "t": 1481651912.447982, "N": 100}, "00:0e:8e:30:91:7b": {"rx": 83, "t": 1481651980.738513, "N": 100}, "00:0e:8e:30:9c:c0": {"rx": 78, "t": 1481651958.169387, "N": 100}, "00:0e:8e:30:9c:db": {"rx": 82, "t": 1481651878.581189, "N": 100}, "00:0e:8e:30:9d:e9": {"rx": 44, "t": 1481652054.45577, "N": 100}, "00:0e:8e:30:91:08": {"rx": 85, "t": 1481651929.617605, "N": 100}, "00:0e:8e:30:9c:ba": {"rx": 54, "t": 1481651867.548394, "N": 100}, "00:0e:8e:30:8f:77": {"rx": 79, "t": 1481651907.11755, "N": 100}, "00:0e:8e:30:9c:ea": {"rx": 52, "t": 1481652003.233656, "N": 100}}
