{"00:0e:8e:30:9e:90": {"rx": 82, "t": 1481651895.726612, "N": 100}, "00:0e:8e:30:9e:dc": {"rx": 26, "t": 1481651946.856239, "N": 100}, "00:0e:8e:30:9e:53": {"rx": 77, "t": 1481651810.829373, "N": 100}, "00:0e:8e:30:9d:2d": {"rx": 79, "t": 1481651805.237328, "N": 100}, "00:0e:8e:30:9e:55": {"rx": 78, "t": 1481651833.401462, "N": 100}, "00:0e:8e:30:9e:60": {"rx": 80, "t": 1481651816.662016, "N": 100}, "00:0e:8e:30:9e:64": {"rx": 79, "t": 1481651901.439856, "N": 100}, "00:0e:8e:30:9e:00": {"rx": 78, "t": 1481651890.153793, "N": 100}, "00:0e:8e:30:9e:67": {"rx": 84, "t": 1481651844.969724, "N": 100}, "00:0e:8e:30:9e:68": {"rx": 78, "t": 1481651884.578458, "N": 100}, "00:0e:8e:30:9c:b3": {"rx": 80, "t": 1481651793.977784, "N": 100}, "00:0e:8e:30:9d:ca": {"rx": 84, "t": 1481651856.129875, "N": 100}, "00:0e:8e:30:9c:f2": {"rx": 78, "t": 1481651873.033932, "N": 100}, "00:0e:8e:30:9c:af": {"rx": 83, "t": 1481651839.202371, "N": 100}, "00:0e:8e:30:9c:f9": {"rx": 77, "t": 1481651822.022164, "N": 100}, "00:0e:8e:30:9d:3b": {"rx": 81, "t": 1481651918.318838, "N": 100}, "00:0e:8e:30:9d:3c": {"rx": 80, "t": 1481651935.322048, "N": 100}, "00:0e:8e:30:9e:5b": {"rx": 28, "t": 1481651986.291998, "N": 100}, "00:0e:8e:30:9e:f0": {"rx": 83, "t": 1481651850.42198, "N": 100}, "00:0e:8e:30:9e:b4": {"rx": 79, "t": 1481651912.510892, "N": 100}, "00:0e:8e:30:9c:dd": {"rx": 80, "t": 1481651799.673261, "N": 100}, "00:0e:8e:30:9c:db": {"rx": 86, "t": 1481651878.618004, "N": 100}, "00:0e:8e:30:91:08": {"rx": 86, "t": 1481651929.638381, "N": 100}, "00:0e:8e:30:9c:d8": {"rx": 51, "t": 1481651963.646111, "N": 100}, "00:0e:8e:30:9c:f7": {"rx": 82, "t": 1481651827.941997, "N": 100}, "00:0e:8e:30:9c:ba": {"rx": 79, "t": 1481651867.550001, "N": 100}, "00:0e:8e:30:8f:77": {"rx": 77, "t": 1481651907.047108, "N": 100}}
