{"00:0e:8e:30:9e:90": {"rx": 31, "t": 1481651895.736228, "N": 100}, "00:0e:8e:30:9e:53": {"rx": 17, "t": 1481651810.783491, "N": 100}, "00:0e:8e:30:9d:2d": {"rx": 64, "t": 1481651805.232862, "N": 100}, "00:0e:8e:30:9e:55": {"rx": 78, "t": 1481651833.452835, "N": 100}, "00:0e:8e:30:9e:60": {"rx": 71, "t": 1481651816.621342, "N": 100}, "00:0e:8e:30:9e:64": {"rx": 85, "t": 1481651901.405824, "N": 100}, "00:0e:8e:30:9e:00": {"rx": 70, "t": 1481651890.157528, "N": 100}, "00:0e:8e:30:9e:67": {"rx": 83, "t": 1481651844.952887, "N": 100}, "00:0e:8e:30:9d:ca": {"rx": 82, "t": 1481651856.109218, "N": 100}, "00:0e:8e:30:9c:f2": {"rx": 81, "t": 1481651872.960741, "N": 100}, "00:0e:8e:30:9c:af": {"rx": 80, "t": 1481651839.124691, "N": 100}, "00:0e:8e:30:9c:f9": {"rx": 81, "t": 1481651822.073526, "N": 100}, "00:0e:8e:30:9d:3b": {"rx": 69, "t": 1481651918.300866, "N": 100}, "00:0e:8e:30:9d:3c": {"rx": 21, "t": 1481651935.379013, "N": 100}, "00:0e:8e:30:9e:d0": {"rx": 74, "t": 1481651861.817684, "N": 100}, "00:0e:8e:30:9e:f0": {"rx": 81, "t": 1481651850.416931, "N": 100}, "00:0e:8e:30:9e:b4": {"rx": 38, "t": 1481651912.512485, "N": 100}, "00:0e:8e:30:9c:dd": {"rx": 48, "t": 1481651799.65642, "N": 100}, "00:0e:8e:30:9c:db": {"rx": 82, "t": 1481651878.661165, "N": 100}, "00:0e:8e:30:91:08": {"rx": 76, "t": 1481651929.689555, "N": 100}, "00:0e:8e:30:9c:f7": {"rx": 81, "t": 1481651827.996841, "N": 100}, "00:0e:8e:30:9c:ba": {"rx": 75, "t": 1481651867.53317, "N": 100}, "00:0e:8e:30:8f:77": {"rx": 83, "t": 1481651907.009985, "N": 100}}
