{"00:0e:8e:30:9e:60": {"rx": 81, "t": 1481651816.672713, "N": 100}, "00:0e:8e:30:8f:77": {"rx": 81, "t": 1481651907.009471, "N": 100}, "00:0e:8e:30:9c:ba": {"rx": 71, "t": 1481651867.563923, "N": 100}, "00:0e:8e:30:9e:64": {"rx": 88, "t": 1481651901.430751, "N": 100}, "00:0e:8e:30:9d:ca": {"rx": 79, "t": 1481651856.148551, "N": 100}, "00:0e:8e:30:9e:00": {"rx": 24, "t": 1481651890.127851, "N": 100}, "00:0e:8e:30:9e:67": {"rx": 83, "t": 1481651844.960392, "N": 100}, "00:0e:8e:30:9c:dd": {"rx": 82, "t": 1481651799.66378, "N": 100}, "00:0e:8e:30:9c:b3": {"rx": 72, "t": 1481651793.97946, "N": 100}, "00:0e:8e:30:9e:d0": {"rx": 79, "t": 1481651861.865216, "N": 100}, "00:0e:8e:30:9e:68": {"rx": 79, "t": 1481651884.660387, "N": 100}, "00:0e:8e:30:9d:3b": {"rx": 81, "t": 1481651918.253617, "N": 100}, "00:0e:8e:30:9e:90": {"rx": 65, "t": 1481651895.692309, "N": 100}, "00:0e:8e:30:9c:db": {"rx": 81, "t": 1481651878.608966, "N": 100}, "00:0e:8e:30:9c:f7": {"rx": 78, "t": 1481651827.968448, "N": 100}, "00:0e:8e:30:9c:f2": {"rx": 81, "t": 1481651873.020578, "N": 100}, "00:0e:8e:30:9c:af": {"rx": 80, "t": 1481651839.160371, "N": 100}, "00:0e:8e:30:9e:53": {"rx": 28, "t": 1481651810.703145, "N": 100}, "00:0e:8e:30:9d:2d": {"rx": 81, "t": 1481651805.24443, "N": 100}, "00:0e:8e:30:9e:55": {"rx": 79, "t": 1481651833.416434, "N": 100}, "00:0e:8e:30:9c:f9": {"rx": 83, "t": 1481651822.013456, "N": 100}}
