{"00:0e:8e:30:9e:90": {"rx": 1, "t": 1481651894.586221, "N": 100}, "00:0e:8e:30:9e:dc": {"rx": 79, "t": 1481651946.893304, "N": 100}, "00:0e:8e:30:9e:53": {"rx": 34, "t": 1481651810.791394, "N": 100}, "00:0e:8e:30:9d:2d": {"rx": 75, "t": 1481651805.323656, "N": 100}, "00:0e:8e:30:9e:55": {"rx": 77, "t": 1481651833.371604, "N": 100}, "00:0e:8e:30:9e:60": {"rx": 62, "t": 1481651816.615485, "N": 100}, "00:0e:8e:30:9e:64": {"rx": 44, "t": 1481651901.380244, "N": 100}, "00:0e:8e:30:9e:00": {"rx": 79, "t": 1481651890.224318, "N": 100}, "00:0e:8e:30:9e:67": {"rx": 80, "t": 1481651844.907885, "N": 100}, "00:0e:8e:30:9e:68": {"rx": 84, "t": 1481651884.64005, "N": 100}, "00:0e:8e:30:9d:ca": {"rx": 82, "t": 1481651856.108588, "N": 100}, "00:0e:8e:30:9d:ed": {"rx": 5, "t": 1481652025.399242, "N": 100}, "00:0e:8e:30:9d:ee": {"rx": 12, "t": 1481651952.202224, "N": 100}, "00:0e:8e:30:9c:f2": {"rx": 80, "t": 1481651873.008269, "N": 100}, "00:0e:8e:30:9c:af": {"rx": 78, "t": 1481651839.187647, "N": 100}, "00:0e:8e:30:9d:3c": {"rx": 81, "t": 1481651935.393507, "N": 100}, "00:0e:8e:30:9e:d0": {"rx": 84, "t": 1481651861.808527, "N": 100}, "00:0e:8e:30:9e:5b": {"rx": 40, "t": 1481651986.444344, "N": 100}, "00:0e:8e:30:9e:f0": {"rx": 85, "t": 1481651850.38793, "N": 100}, "00:0e:8e:30:9e:b4": {"rx": 2, "t": 1481651911.42643, "N": 100}, "00:0e:8e:30:91:7b": {"rx": 2, "t": 1481651980.302479, "N": 100}, "00:0e:8e:30:9c:dd": {"rx": 34, "t": 1481651799.647517, "N": 100}, "00:0e:8e:30:9c:db": {"rx": 68, "t": 1481651878.572171, "N": 100}, "00:0e:8e:30:91:08": {"rx": 80, "t": 1481651929.580903, "N": 100}, "00:0e:8e:30:9c:d8": {"rx": 81, "t": 1481651963.708841, "N": 100}, "00:0e:8e:30:9c:f7": {"rx": 81, "t": 1481651827.905149, "N": 100}, "00:0e:8e:30:9c:ba": {"rx": 77, "t": 1481651867.532572, "N": 100}, "00:0e:8e:30:8f:77": {"rx": 80, "t": 1481651907.049225, "N": 100}}
