{"00:0e:8e:30:9d:bb": {"rx": 79, "t": 1481651975.049001, "N": 100}, "00:0e:8e:30:9e:dc": {"rx": 79, "t": 1481651946.848498, "N": 100}, "00:0e:8e:30:9d:39": {"rx": 80, "t": 1481651969.360671, "N": 100}, "00:0e:8e:30:9c:eb": {"rx": 81, "t": 1481652031.841427, "N": 100}, "00:0e:8e:30:9c:b0": {"rx": 40, "t": 1481651991.975806, "N": 100}, "00:0e:8e:30:9d:ed": {"rx": 77, "t": 1481652026.137492, "N": 100}, "00:0e:8e:30:9d:ee": {"rx": 82, "t": 1481651952.328926, "N": 100}, "00:0e:8e:30:9c:d8": {"rx": 81, "t": 1481651963.628569, "N": 100}, "00:0e:8e:30:9c:f0": {"rx": 85, "t": 1481651997.661183, "N": 100}, "00:0e:8e:30:9e:ae": {"rx": 79, "t": 1481652043.14156, "N": 100}, "00:0e:8e:30:9e:d8": {"rx": 77, "t": 1481652020.517255, "N": 100}, "00:0e:8e:30:9d:3c": {"rx": 5, "t": 1481651935.202758, "N": 100}, "00:0e:8e:30:9e:d3": {"rx": 79, "t": 1481652037.405464, "N": 100}, "00:0e:8e:30:9e:5b": {"rx": 80, "t": 1481651986.416148, "N": 100}, "00:0e:8e:30:9e:ce": {"rx": 84, "t": 1481651941.048572, "N": 100}, "00:0e:8e:30:9d:21": {"rx": 83, "t": 1481652014.940619, "N": 100}, "00:0e:8e:30:9e:ea": {"rx": 86, "t": 1481652009.00159, "N": 100}, "00:0e:8e:30:91:7b": {"rx": 77, "t": 1481651980.752939, "N": 100}, "00:0e:8e:30:9c:c0": {"rx": 80, "t": 1481651958.16841, "N": 100}, "00:0e:8e:30:9d:e9": {"rx": 79, "t": 1481652054.510647, "N": 100}, "00:0e:8e:30:91:08": {"rx": 43, "t": 1481651929.655939, "N": 100}, "00:0e:8e:30:8f:77": {"rx": 3, "t": 1481651906.634718, "N": 100}, "00:0e:8e:30:9c:ea": {"rx": 55, "t": 1481652003.340884, "N": 100}}
