{"00:0e:8e:30:9e:94": {"rx": 78, "t": 1481652048.764063, "N": 100}, "00:0e:8e:30:9e:90": {"rx": 81, "t": 1481651895.774172, "N": 100}, "00:0e:8e:30:9e:ea": {"rx": 78, "t": 1481652009.043383, "N": 100}, "00:0e:8e:30:9e:dc": {"rx": 83, "t": 1481651946.858762, "N": 100}, "00:0e:8e:30:9d:39": {"rx": 83, "t": 1481651969.331076, "N": 100}, "00:0e:8e:30:9e:d8": {"rx": 79, "t": 1481652020.567249, "N": 100}, "00:0e:8e:30:8c:c2": {"rx": 77, "t": 1481651924.190017, "N": 100}, "00:0e:8e:30:9e:64": {"rx": 78, "t": 1481651901.450938, "N": 100}, "00:0e:8e:30:9e:00": {"rx": 46, "t": 1481651890.189286, "N": 100}, "00:0e:8e:30:9e:68": {"rx": 73, "t": 1481651884.606277, "N": 100}, "00:0e:8e:30:9c:eb": {"rx": 78, "t": 1481652031.89523, "N": 100}, "00:0e:8e:30:9c:b0": {"rx": 77, "t": 1481651992.030949, "N": 100}, "00:0e:8e:30:9d:ca": {"rx": 82, "t": 1481651856.098375, "N": 100}, "00:0e:8e:30:9d:ed": {"rx": 77, "t": 1481652026.175323, "N": 100}, "00:0e:8e:30:9d:ee": {"rx": 81, "t": 1481651952.315211, "N": 100}, "00:0e:8e:30:9c:f2": {"rx": 79, "t": 1481651872.989881, "N": 100}, "00:0e:8e:30:9c:f0": {"rx": 81, "t": 1481651997.727491, "N": 100}, "00:0e:8e:30:9c:d8": {"rx": 80, "t": 1481651963.63509, "N": 100}, "00:0e:8e:30:9e:ae": {"rx": 82, "t": 1481652043.171479, "N": 100}, "00:0e:8e:30:9d:3b": {"rx": 78, "t": 1481651918.235295, "N": 100}, "00:0e:8e:30:9d:3c": {"rx": 78, "t": 1481651935.410681, "N": 100}, "00:0e:8e:30:9e:d3": {"rx": 78, "t": 1481652037.474839, "N": 100}, "00:0e:8e:30:9e:5b": {"rx": 78, "t": 1481651986.33463, "N": 100}, "00:0e:8e:30:9e:ce": {"rx": 82, "t": 1481651941.014888, "N": 100}, "00:0e:8e:30:9d:bb": {"rx": 80, "t": 1481651975.131002, "N": 100}, "00:0e:8e:30:9e:f0": {"rx": 50, "t": 1481651850.349853, "N": 100}, "00:0e:8e:30:9d:21": {"rx": 84, "t": 1481652014.88331, "N": 100}, "00:0e:8e:30:9e:b4": {"rx": 76, "t": 1481651912.511137, "N": 100}, "00:0e:8e:30:9c:c0": {"rx": 78, "t": 1481651958.155035, "N": 100}, "00:0e:8e:30:9c:db": {"rx": 80, "t": 1481651878.670291, "N": 100}, "00:0e:8e:30:9d:e9": {"rx": 77, "t": 1481652054.524878, "N": 100}, "00:0e:8e:30:91:08": {"rx": 83, "t": 1481651929.679013, "N": 100}, "00:0e:8e:30:9c:ba": {"rx": 1, "t": 1481651865.952824, "N": 100}, "00:0e:8e:30:8f:77": {"rx": 81, "t": 1481651907.05443, "N": 100}, "00:0e:8e:30:9c:ea": {"rx": 78, "t": 1481652003.339171, "N": 100}}
