{"00:0e:8e:30:9e:94": {"rx": 4, "t": 1481652048.673949, "N": 100}, "00:0e:8e:30:9e:90": {"rx": 81, "t": 1481651895.676075, "N": 100}, "00:0e:8e:30:9e:ea": {"rx": 78, "t": 1481652009.052925, "N": 100}, "00:0e:8e:30:9d:39": {"rx": 78, "t": 1481651969.3842, "N": 100}, "00:0e:8e:30:9e:dc": {"rx": 80, "t": 1481651946.812383, "N": 100}, "00:0e:8e:30:9e:53": {"rx": 12, "t": 1481651810.346031, "N": 100}, "00:0e:8e:30:9d:2d": {"rx": 54, "t": 1481651805.243489, "N": 100}, "00:0e:8e:30:9e:d8": {"rx": 76, "t": 1481652020.545344, "N": 100}, "00:0e:8e:30:8c:c2": {"rx": 76, "t": 1481651924.147946, "N": 100}, "00:0e:8e:30:9e:64": {"rx": 82, "t": 1481651901.476593, "N": 100}, "00:0e:8e:30:9e:00": {"rx": 79, "t": 1481651890.207528, "N": 100}, "00:0e:8e:30:9e:67": {"rx": 80, "t": 1481651845.024302, "N": 100}, "00:0e:8e:30:9e:68": {"rx": 80, "t": 1481651884.634872, "N": 100}, "00:0e:8e:30:9c:b0": {"rx": 29, "t": 1481651991.923314, "N": 100}, "00:0e:8e:30:9d:ca": {"rx": 77, "t": 1481651856.170866, "N": 100}, "00:0e:8e:30:9d:ed": {"rx": 74, "t": 1481652026.149546, "N": 100}, "00:0e:8e:30:9d:ee": {"rx": 84, "t": 1481651952.332404, "N": 100}, "00:0e:8e:30:9c:f2": {"rx": 78, "t": 1481651873.003248, "N": 100}, "00:0e:8e:30:9c:f0": {"rx": 80, "t": 1481651997.652594, "N": 100}, "00:0e:8e:30:9c:af": {"rx": 33, "t": 1481651839.198655, "N": 100}, "00:0e:8e:30:9c:f9": {"rx": 57, "t": 1481651822.098943, "N": 100}, "00:0e:8e:30:9e:ae": {"rx": 67, "t": 1481652043.108141, "N": 100}, "00:0e:8e:30:9d:3b": {"rx": 82, "t": 1481651918.33999, "N": 100}, "00:0e:8e:30:9d:3c": {"rx": 77, "t": 1481651935.408682, "N": 100}, "00:0e:8e:30:9e:d3": {"rx": 80, "t": 1481652037.429054, "N": 100}, "00:0e:8e:30:9e:d0": {"rx": 78, "t": 1481651861.875453, "N": 100}, "00:0e:8e:30:9e:5b": {"rx": 78, "t": 1481651986.344022, "N": 100}, "00:0e:8e:30:9e:ce": {"rx": 78, "t": 1481651941.008047, "N": 100}, "00:0e:8e:30:9d:bb": {"rx": 79, "t": 1481651975.067923, "N": 100}, "00:0e:8e:30:9e:f0": {"rx": 76, "t": 1481651850.467317, "N": 100}, "00:0e:8e:30:9d:21": {"rx": 81, "t": 1481652014.852604, "N": 100}, "00:0e:8e:30:9e:b4": {"rx": 84, "t": 1481651912.516974, "N": 100}, "00:0e:8e:30:91:7b": {"rx": 82, "t": 1481651980.748705, "N": 100}, "00:0e:8e:30:9c:c0": {"rx": 80, "t": 1481651958.171797, "N": 100}, "00:0e:8e:30:9c:db": {"rx": 82, "t": 1481651878.583826, "N": 100}, "00:0e:8e:30:9d:e9": {"rx": 75, "t": 1481652054.510207, "N": 100}, "00:0e:8e:30:9c:d8": {"rx": 76, "t": 1481651963.680289, "N": 100}, "00:0e:8e:30:9c:f7": {"rx": 62, "t": 1481651827.92361, "N": 100}, "00:0e:8e:30:9c:ba": {"rx": 80, "t": 1481651867.547448, "N": 100}, "00:0e:8e:30:8f:77": {"rx": 83, "t": 1481651907.064002, "N": 100}, "00:0e:8e:30:9c:ea": {"rx": 70, "t": 1481652003.243319, "N": 100}}
