{"00:0e:8e:30:9e:94": {"rx": 77, "t": 1481652048.746166, "N": 100}, "00:0e:8e:30:9e:90": {"rx": 69, "t": 1481651895.79235, "N": 100}, "00:0e:8e:30:9e:ea": {"rx": 83, "t": 1481652009.001854, "N": 100}, "00:0e:8e:30:9e:dc": {"rx": 81, "t": 1481651946.840781, "N": 100}, "00:0e:8e:30:9d:39": {"rx": 81, "t": 1481651969.308759, "N": 100}, "00:0e:8e:30:9e:d8": {"rx": 78, "t": 1481652020.546038, "N": 100}, "00:0e:8e:30:8c:c2": {"rx": 2, "t": 1481651922.402954, "N": 100}, "00:0e:8e:30:9e:64": {"rx": 80, "t": 1481651901.480542, "N": 100}, "00:0e:8e:30:9e:00": {"rx": 78, "t": 1481651890.200174, "N": 100}, "00:0e:8e:30:9e:68": {"rx": 33, "t": 1481651884.59931, "N": 100}, "00:0e:8e:30:9c:eb": {"rx": 80, "t": 1481652031.845714, "N": 100}, "00:0e:8e:30:9c:b0": {"rx": 79, "t": 1481651991.997828, "N": 100}, "00:0e:8e:30:9d:ca": {"rx": 77, "t": 1481651856.199987, "N": 100}, "00:0e:8e:30:9d:ed": {"rx": 79, "t": 1481652026.145957, "N": 100}, "00:0e:8e:30:9d:ee": {"rx": 84, "t": 1481651952.333317, "N": 100}, "00:0e:8e:30:9c:f2": {"rx": 35, "t": 1481651872.951094, "N": 100}, "00:0e:8e:30:9c:f0": {"rx": 81, "t": 1481651997.701072, "N": 100}, "00:0e:8e:30:9e:ae": {"rx": 33, "t": 1481652043.151829, "N": 100}, "00:0e:8e:30:9d:3b": {"rx": 80, "t": 1481651918.269408, "N": 100}, "00:0e:8e:30:9d:3c": {"rx": 75, "t": 1481651935.417014, "N": 100}, "00:0e:8e:30:9e:d3": {"rx": 38, "t": 1481652037.443365, "N": 100}, "00:0e:8e:30:9e:5b": {"rx": 82, "t": 1481651986.426134, "N": 100}, "00:0e:8e:30:9e:ce": {"rx": 79, "t": 1481651941.001152, "N": 100}, "00:0e:8e:30:9d:bb": {"rx": 82, "t": 1481651975.113126, "N": 100}, "00:0e:8e:30:9d:21": {"rx": 79, "t": 1481652014.941329, "N": 100}, "00:0e:8e:30:9e:b4": {"rx": 41, "t": 1481651912.435629, "N": 100}, "00:0e:8e:30:91:7b": {"rx": 81, "t": 1481651980.705134, "N": 100}, "00:0e:8e:30:9c:c0": {"rx": 79, "t": 1481651958.152894, "N": 100}, "00:0e:8e:30:9c:db": {"rx": 75, "t": 1481651878.664808, "N": 100}, "00:0e:8e:30:9d:e9": {"rx": 3, "t": 1481652053.47095, "N": 100}, "00:0e:8e:30:91:08": {"rx": 82, "t": 1481651929.673109, "N": 100}, "00:0e:8e:30:8f:77": {"rx": 78, "t": 1481651907.005335, "N": 100}, "00:0e:8e:30:9c:ea": {"rx": 81, "t": 1481652003.297281, "N": 100}}
