{"00:0e:8e:30:9e:90": {"rx": 74, "t": 1481651895.752406, "N": 100}, "00:0e:8e:30:9e:d8": {"rx": 14, "t": 1481652020.311586, "N": 100}, "00:0e:8e:30:9d:39": {"rx": 79, "t": 1481651969.381531, "N": 100}, "00:0e:8e:30:9e:dc": {"rx": 84, "t": 1481651946.829118, "N": 100}, "00:0e:8e:30:9e:53": {"rx": 39, "t": 1481651810.782556, "N": 100}, "00:0e:8e:30:9e:55": {"rx": 65, "t": 1481651833.463776, "N": 100}, "00:0e:8e:30:9e:64": {"rx": 81, "t": 1481651901.436504, "N": 100}, "00:0e:8e:30:9e:00": {"rx": 79, "t": 1481651890.164472, "N": 100}, "00:0e:8e:30:9e:67": {"rx": 1, "t": 1481651842.782363, "N": 100}, "00:0e:8e:30:9e:68": {"rx": 80, "t": 1481651884.588037, "N": 100}, "00:0e:8e:30:9c:b0": {"rx": 80, "t": 1481651991.997684, "N": 100}, "00:0e:8e:30:9d:ca": {"rx": 79, "t": 1481651856.112067, "N": 100}, "00:0e:8e:30:9d:ed": {"rx": 31, "t": 1481652026.012328, "N": 100}, "00:0e:8e:30:9d:ee": {"rx": 79, "t": 1481651952.317105, "N": 100}, "00:0e:8e:30:9c:f2": {"rx": 77, "t": 1481651872.935375, "N": 100}, "00:0e:8e:30:9c:f0": {"rx": 78, "t": 1481651997.688894, "N": 100}, "00:0e:8e:30:9c:af": {"rx": 71, "t": 1481651839.155431, "N": 100}, "00:0e:8e:30:9c:f9": {"rx": 11, "t": 1481651821.963035, "N": 100}, "00:0e:8e:30:9d:3b": {"rx": 83, "t": 1481651918.301215, "N": 100}, "00:0e:8e:30:9e:d0": {"rx": 82, "t": 1481651861.832122, "N": 100}, "00:0e:8e:30:9e:5b": {"rx": 76, "t": 1481651986.368475, "N": 100}, "00:0e:8e:30:9e:ce": {"rx": 72, "t": 1481651941.021358, "N": 100}, "00:0e:8e:30:9d:bb": {"rx": 80, "t": 1481651975.09306, "N": 100}, "00:0e:8e:30:9e:f0": {"rx": 26, "t": 1481651850.274985, "N": 100}, "00:0e:8e:30:9e:b4": {"rx": 80, "t": 1481651912.501472, "N": 100}, "00:0e:8e:30:91:7b": {"rx": 75, "t": 1481651980.661077, "N": 100}, "00:0e:8e:30:9c:c0": {"rx": 79, "t": 1481651958.148647, "N": 100}, "00:0e:8e:30:9c:db": {"rx": 81, "t": 1481651878.648476, "N": 100}, "00:0e:8e:30:91:08": {"rx": 84, "t": 1481651929.628807, "N": 100}, "00:0e:8e:30:9c:d8": {"rx": 78, "t": 1481651963.692076, "N": 100}, "00:0e:8e:30:9c:f7": {"rx": 10, "t": 1481651827.766763, "N": 100}, "00:0e:8e:30:9c:ba": {"rx": 78, "t": 1481651867.480011, "N": 100}, "00:0e:8e:30:8f:77": {"rx": 82, "t": 1481651907.024648, "N": 100}, "00:0e:8e:30:9c:ea": {"rx": 78, "t": 1481652003.285642, "N": 100}}
