{"00:0e:8e:30:9e:90": {"rx": 81, "t": 1481651895.679023, "N": 100}, "00:0e:8e:30:9d:39": {"rx": 4, "t": 1481651967.916825, "N": 100}, "00:0e:8e:30:9e:dc": {"rx": 82, "t": 1481651946.860105, "N": 100}, "00:0e:8e:30:9e:53": {"rx": 78, "t": 1481651810.754131, "N": 100}, "00:0e:8e:30:9d:2d": {"rx": 80, "t": 1481651805.282078, "N": 100}, "00:0e:8e:30:9e:55": {"rx": 79, "t": 1481651833.470343, "N": 100}, "00:0e:8e:30:9e:60": {"rx": 79, "t": 1481651816.578315, "N": 100}, "00:0e:8e:30:8c:c2": {"rx": 1, "t": 1481651922.860884, "N": 100}, "00:0e:8e:30:9e:64": {"rx": 81, "t": 1481651901.498808, "N": 100}, "00:0e:8e:30:9e:00": {"rx": 79, "t": 1481651890.138065, "N": 100}, "00:0e:8e:30:9e:67": {"rx": 84, "t": 1481651844.94641, "N": 100}, "00:0e:8e:30:9e:68": {"rx": 83, "t": 1481651884.578531, "N": 100}, "00:0e:8e:30:9c:b3": {"rx": 81, "t": 1481651793.909798, "N": 100}, "00:0e:8e:30:9d:ca": {"rx": 81, "t": 1481651856.213703, "N": 100}, "00:0e:8e:30:9d:ee": {"rx": 48, "t": 1481651952.310691, "N": 100}, "00:0e:8e:30:9c:d8": {"rx": 72, "t": 1481651963.658654, "N": 100}, "00:0e:8e:30:9c:af": {"rx": 82, "t": 1481651839.154589, "N": 100}, "00:0e:8e:30:9c:f9": {"rx": 77, "t": 1481651822.026995, "N": 100}, "00:0e:8e:30:9d:3b": {"rx": 79, "t": 1481651918.350888, "N": 100}, "00:0e:8e:30:9d:3c": {"rx": 76, "t": 1481651935.378654, "N": 100}, "00:0e:8e:30:9e:d0": {"rx": 79, "t": 1481651861.890314, "N": 100}, "00:0e:8e:30:9e:ce": {"rx": 74, "t": 1481651940.930986, "N": 100}, "00:0e:8e:30:9d:bb": {"rx": 71, "t": 1481651975.151589, "N": 100}, "00:0e:8e:30:9e:f0": {"rx": 81, "t": 1481651850.414317, "N": 100}, "00:0e:8e:30:9e:b4": {"rx": 33, "t": 1481651912.513349, "N": 100}, "00:0e:8e:30:91:7b": {"rx": 81, "t": 1481651980.706758, "N": 100}, "00:0e:8e:30:9c:dd": {"rx": 80, "t": 1481651799.71399, "N": 100}, "00:0e:8e:30:9c:db": {"rx": 82, "t": 1481651878.667061, "N": 100}, "00:0e:8e:30:91:08": {"rx": 83, "t": 1481651929.679407, "N": 100}, "00:0e:8e:30:9c:f7": {"rx": 78, "t": 1481651827.9381, "N": 100}, "00:0e:8e:30:9c:ba": {"rx": 81, "t": 1481651867.550495, "N": 100}, "00:0e:8e:30:8f:77": {"rx": 80, "t": 1481651907.063148, "N": 100}}
